Problem,Provider,OperationKind,Operation,Disposition,Status,gemm_kind,m,n,k,A,B,C,D,alpha,beta,split_k_mode,split_k_slices,batch_count,raster_order,runtime_input_datatype_a,runtime_input_datatype_b,use_pdl,enable_sm90_mixed_dtype_shuffle_test,swizzle_size,op_class,accum,cta_m,cta_n,cta_k,cluster_m,cluster_n,cluster_k,cluster_m_fallback,cluster_n_fallback,cluster_k_fallback,stages,warps_m,warps_n,warps_k,inst_m,inst_n,inst_k,min_cc,max_cc,Bytes,Flops,Flops/Byte,Runtime,GB/s,GFLOPs,mfu
1,CUTLASS,gemm,cutlass3x_sm90_tensorop_gemm_bf16_bf16_f32_bf16_bf16_128x256x64_1x2x1_0_ttt_align8_warpspecialized_cooperative_epi_tma,passed,success,universal,8192,1024,8192,bf16:row,bf16:row,bf16:row,bf16:row,1,0,serial,1,1,heuristic,invalid,invalid,False,False,1,tensorop,f32,128,256,64,1,2,1,1,1,1,4,4,2,1,64,256,16,90,90,167772160,137455730688,819,0.170742,915.121,805047.0,5.201305686632494
1,CUTLASS,gemm,cutlass3x_sm90_tensorop_gemm_bf16_bf16_f32_void_bf16_128x256x64_1x2x1_0_ttt_align8_warpspecialized_cooperative_epi_tma,passed,success,universal,8192,1024,8192,bf16:row,bf16:row,void:row,bf16:row,1,0,serial,1,1,heuristic,invalid,invalid,False,False,1,tensorop,f32,128,256,64,1,2,1,1,1,1,4,4,2,1,64,256,16,90,90,150994944,137455730688,910,0.170986,822.438,803902.0,5.193907988099124
1,CUTLASS,gemm,cutlass3x_sm90_tensorop_gemm_bf16_bf16_f32_bf16_bf16_128x256x64_2x1x1_0_ttt_align8_warpspecialized_cooperative_epi_tma,passed,success,universal,8192,1024,8192,bf16:row,bf16:row,bf16:row,bf16:row,1,0,serial,1,1,heuristic,invalid,invalid,False,False,1,tensorop,f32,128,256,64,2,1,1,1,1,1,4,4,2,1,64,256,16,90,90,167772160,137455730688,819,0.1716,910.548,801024.0,5.175313598248432
1,CUTLASS,gemm,cutlass3x_sm90_tensorop_gemm_bf16_bf16_f32_void_bf16_256x128x64_1x2x1_0_ttt_align8_warpspecialized_cooperative_epi_tma,passed,success,universal,8192,1024,8192,bf16:row,bf16:row,void:row,bf16:row,1,0,serial,1,1,heuristic,invalid,invalid,False,False,1,tensorop,f32,256,128,64,1,2,1,1,1,1,4,4,2,1,64,128,16,90,90,150994944,137455730688,910,0.171629,819.356,800890.0,5.1744478413895045
1,CUTLASS,gemm,cutlass3x_sm90_tensorop_gemm_bf16_bf16_f32_void_bf16_128x256x64_2x1x1_0_ttt_align8_warpspecialized_cooperative_epi_tma,passed,success,universal,8192,1024,8192,bf16:row,bf16:row,void:row,bf16:row,1,0,serial,1,1,heuristic,invalid,invalid,False,False,1,tensorop,f32,128,256,64,2,1,1,1,1,1,4,4,2,1,64,256,16,90,90,150994944,137455730688,910,0.171648,819.264,800800.0,5.173866362902166
1,CUTLASS,gemm,cutlass3x_sm90_tensorop_gemm_bf16_bf16_f32_bf16_bf16_256x128x64_1x2x1_0_ttt_align8_warpspecialized_cooperative_epi_tma,passed,success,universal,8192,1024,8192,bf16:row,bf16:row,bf16:row,bf16:row,1,0,serial,1,1,heuristic,invalid,invalid,False,False,1,tensorop,f32,256,128,64,1,2,1,1,1,1,4,4,2,1,64,128,16,90,90,167772160,137455730688,819,0.171821,909.378,799995.0,5.168665360876522
1,CUTLASS,gemm,cutlass3x_sm90_tensorop_gemm_bf16_bf16_f32_void_bf16_128x256x64_1x2x1_0_ttt_align8_stream_k_warpspecialized_cooperative_epi_tma,passed,success,universal,8192,1024,8192,bf16:row,bf16:row,void:row,bf16:row,1,0,serial,1,1,heuristic,invalid,invalid,False,False,1,tensorop,f32,128,256,64,1,2,1,1,1,1,4,4,2,1,64,256,16,90,90,150994944,137455730688,910,0.171971,817.724,799295.0,5.16414275041944
1,CUTLASS,gemm,cutlass3x_sm90_tensorop_gemm_bf16_bf16_f32_void_bf16_256x128x64_1x2x1_0_ttt_align8_stream_k_warpspecialized_cooperative_epi_tma,passed,success,universal,8192,1024,8192,bf16:row,bf16:row,void:row,bf16:row,1,0,serial,1,1,heuristic,invalid,invalid,False,False,1,tensorop,f32,256,128,64,1,2,1,1,1,1,4,4,2,1,64,128,16,90,90,150994944,137455730688,910,0.172259,816.357,797959.0,5.155511025318494
1,CUTLASS,gemm,cutlass3x_sm90_tensorop_gemm_bf16_bf16_f32_bf16_bf16_128x256x64_1x2x1_0_ttt_align8_stream_k_warpspecialized_cooperative_epi_tma,passed,success,universal,8192,1024,8192,bf16:row,bf16:row,bf16:row,bf16:row,1,0,serial,1,1,heuristic,invalid,invalid,False,False,1,tensorop,f32,128,256,64,1,2,1,1,1,1,4,4,2,1,64,256,16,90,90,167772160,137455730688,819,0.172582,905.365,796464.0,5.145852021556583
1,CUTLASS,gemm,cutlass3x_sm90_tensorop_gemm_bf16_bf16_f32_void_bf16_128x256x64_2x1x1_0_ttt_align8_stream_k_warpspecialized_cooperative_epi_tma,passed,success,universal,8192,1024,8192,bf16:row,bf16:row,void:row,bf16:row,1,0,serial,1,1,heuristic,invalid,invalid,False,False,1,tensorop,f32,128,256,64,2,1,1,1,1,1,4,4,2,1,64,256,16,90,90,150994944,137455730688,910,0.172611,814.692,796331.0,5.144992725569738
1,CUTLASS,gemm,cutlass3x_sm90_tensorop_gemm_bf16_bf16_f32_bf16_bf16_128x256x64_2x1x1_0_ttt_align8_stream_k_warpspecialized_cooperative_epi_tma,passed,success,universal,8192,1024,8192,bf16:row,bf16:row,bf16:row,bf16:row,1,0,serial,1,1,heuristic,invalid,invalid,False,False,1,tensorop,f32,128,256,64,2,1,1,1,1,1,4,4,2,1,64,256,16,90,90,167772160,137455730688,819,0.17343,900.938,792570.0,5.120693385671042
1,CUTLASS,gemm,cutlass3x_sm90_tensorop_gemm_bf16_bf16_f32_bf16_bf16_256x128x64_1x2x1_0_ttt_align8_stream_k_warpspecialized_cooperative_epi_tma,passed,success,universal,8192,1024,8192,bf16:row,bf16:row,bf16:row,bf16:row,1,0,serial,1,1,heuristic,invalid,invalid,False,False,1,tensorop,f32,256,128,64,1,2,1,1,1,1,4,4,2,1,64,128,16,90,90,167772160,137455730688,819,0.173546,900.34,792044.0,5.117294966956149
1,CUTLASS,gemm,cutlass3x_sm90_tensorop_gemm_bf16_bf16_f32_void_f32_128x256x64_2x1x1_0_ttt_align8_warpspecialized_cooperative_epi_tma,passed,success,universal,8192,1024,8192,bf16:row,bf16:row,void:row,f32:row,1,0,serial,1,1,heuristic,invalid,invalid,False,False,1,tensorop,f32,128,256,64,2,1,1,1,1,1,4,4,2,1,64,256,16,90,90,150994944,137455730688,910,0.17471,804.903,786763.0,5.083175101493504
1,CUTLASS,gemm,cutlass3x_sm90_tensorop_gemm_bf16_bf16_f32_void_f32_128x256x64_1x2x1_0_ttt_align8_warpspecialized_cooperative_epi_tma,passed,success,universal,8192,1024,8192,bf16:row,bf16:row,void:row,f32:row,1,0,serial,1,1,heuristic,invalid,invalid,False,False,1,tensorop,f32,128,256,64,1,2,1,1,1,1,4,4,2,1,64,256,16,90,90,150994944,137455730688,910,0.174758,804.682,786547.0,5.081779553123888
1,CUTLASS,gemm,cutlass3x_sm90_tensorop_gemm_bf16_bf16_f32_void_f32_256x128x64_1x2x1_0_ttt_align8_warpspecialized_cooperative_epi_tma,passed,success,universal,8192,1024,8192,bf16:row,bf16:row,void:row,f32:row,1,0,serial,1,1,heuristic,invalid,invalid,False,False,1,tensorop,f32,256,128,64,1,2,1,1,1,1,4,4,2,1,64,128,16,90,90,150994944,137455730688,910,0.175469,801.425,783363.0,5.061208136416247
1,CUTLASS,gemm,cutlass3x_sm90_tensorop_gemm_bf16_bf16_f32_void_f32_128x256x64_2x1x1_0_ttt_align8_stream_k_warpspecialized_cooperative_epi_tma,passed,success,universal,8192,1024,8192,bf16:row,bf16:row,void:row,f32:row,1,0,serial,1,1,heuristic,invalid,invalid,False,False,1,tensorop,f32,128,256,64,2,1,1,1,1,1,4,4,2,1,64,256,16,90,90,150994944,137455730688,910,0.175565,800.986,782934.0,5.058436422293266
1,CUTLASS,gemm,cutlass3x_sm90_tensorop_gemm_bf16_bf16_f32_void_f32_128x256x64_1x2x1_0_ttt_align8_stream_k_warpspecialized_cooperative_epi_tma,passed,success,universal,8192,1024,8192,bf16:row,bf16:row,void:row,f32:row,1,0,serial,1,1,heuristic,invalid,invalid,False,False,1,tensorop,f32,128,256,64,1,2,1,1,1,1,4,4,2,1,64,256,16,90,90,150994944,137455730688,910,0.175859,799.645,781624.0,5.049972679866439
1,CUTLASS,gemm,cutlass3x_sm90_tensorop_gemm_bf16_bf16_f32_void_f32_256x128x64_1x2x1_0_ttt_align8_stream_k_warpspecialized_cooperative_epi_tma,passed,success,universal,8192,1024,8192,bf16:row,bf16:row,void:row,f32:row,1,0,serial,1,1,heuristic,invalid,invalid,False,False,1,tensorop,f32,256,128,64,1,2,1,1,1,1,4,4,2,1,64,128,16,90,90,150994944,137455730688,910,0.17624,797.918,779935.0,5.039060266920705
1,CUTLASS,gemm,cutlass3x_sm90_tensorop_gemm_bf16_bf16_f32_void_bf16_256x128x64_2x1x1_0_ttt_align8_warpspecialized_cooperative_epi_tma,passed,success,universal,8192,1024,8192,bf16:row,bf16:row,void:row,bf16:row,1,0,serial,1,1,heuristic,invalid,invalid,False,False,1,tensorop,f32,256,128,64,2,1,1,1,1,1,4,4,2,1,64,128,16,90,90,150994944,137455730688,910,0.177904,790.454,772640.0,4.991928205085826
1,CUTLASS,gemm,cutlass3x_sm90_tensorop_gemm_bf16_bf16_f32_bf16_bf16_256x128x64_2x1x1_0_ttt_align8_warpspecialized_cooperative_epi_tma,passed,success,universal,8192,1024,8192,bf16:row,bf16:row,bf16:row,bf16:row,1,0,serial,1,1,heuristic,invalid,invalid,False,False,1,tensorop,f32,256,128,64,2,1,1,1,1,1,4,4,2,1,64,128,16,90,90,167772160,137455730688,819,0.178016,877.73,772154.0,4.988788221254196
1,CUTLASS,gemm,cutlass3x_sm90_tensorop_gemm_bf16_bf16_f32_void_f32_256x128x64_2x1x1_0_ttt_align8_warpspecialized_cooperative_epi_tma,passed,success,universal,8192,1024,8192,bf16:row,bf16:row,void:row,f32:row,1,0,serial,1,1,heuristic,invalid,invalid,False,False,1,tensorop,f32,256,128,64,2,1,1,1,1,1,4,4,2,1,64,128,16,90,90,150994944,137455730688,910,0.180435,779.366,761801.0,4.921898812593949
1,CUTLASS,gemm,cutlass3x_sm90_tensorop_gemm_bf16_bf16_f32_bf16_bf16_128x128x64_1x2x1_0_ttt_align8_warpspecialized_cooperative_epi_tma,passed,success,universal,8192,1024,8192,bf16:row,bf16:row,bf16:row,bf16:row,1,0,serial,1,1,heuristic,invalid,invalid,False,False,1,tensorop,f32,128,128,64,1,2,1,1,1,1,6,4,2,1,64,128,16,90,90,167772160,137455730688,819,0.180883,863.817,759914.0,4.90970714697607
1,CUTLASS,gemm,cutlass3x_sm90_tensorop_gemm_bf16_bf16_f32_void_bf16_256x128x64_2x1x1_0_ttt_align8_stream_k_warpspecialized_cooperative_epi_tma,passed,success,universal,8192,1024,8192,bf16:row,bf16:row,void:row,bf16:row,1,0,serial,1,1,heuristic,invalid,invalid,False,False,1,tensorop,f32,256,128,64,2,1,1,1,1,1,4,4,2,1,64,128,16,90,90,150994944,137455730688,910,0.18097,777.064,759552.0,4.907368311282551
1,CUTLASS,gemm,cutlass3x_sm90_tensorop_gemm_bf16_bf16_f32_void_bf16_64x256x64_1x2x1_0_ttt_align8_warpspecialized_pingpong_epi_tma,passed,success,universal,8192,1024,8192,bf16:row,bf16:row,void:row,bf16:row,1,0,serial,1,1,heuristic,invalid,invalid,False,False,1,tensorop,f32,64,256,64,1,2,1,1,1,1,5,4,1,1,64,256,16,90,90,150994944,137455730688,910,0.181312,775.597,758117.0,4.898096959845532
1,CUTLASS,gemm,cutlass3x_sm90_tensorop_gemm_bf16_bf16_f32_bf16_bf16_256x128x64_2x1x1_0_ttt_align8_stream_k_warpspecialized_cooperative_epi_tma,passed,success,universal,8192,1024,8192,bf16:row,bf16:row,bf16:row,bf16:row,1,0,serial,1,1,heuristic,invalid,invalid,False,False,1,tensorop,f32,256,128,64,2,1,1,1,1,1,4,4,2,1,64,128,16,90,90,167772160,137455730688,819,0.182451,856.393,753384.0,4.867517652283574
1,CUTLASS,gemm,cutlass3x_sm90_tensorop_gemm_bf16_bf16_f32_void_bf16_128x128x64_1x2x1_0_ttt_align8_warpspecialized_pingpong_epi_tma,passed,success,universal,8192,1024,8192,bf16:row,bf16:row,void:row,bf16:row,1,0,serial,1,1,heuristic,invalid,invalid,False,False,1,tensorop,f32,128,128,64,1,2,1,1,1,1,6,4,1,1,64,128,16,90,90,150994944,137455730688,910,0.182554,770.322,752961.0,4.86478470339308
1,CUTLASS,gemm,cutlass3x_sm90_tensorop_gemm_bf16_bf16_f32_bf16_bf16_128x128x64_1x2x1_0_ttt_align8_warpspecialized_pingpong_epi_tma,passed,success,universal,8192,1024,8192,bf16:row,bf16:row,bf16:row,bf16:row,1,0,serial,1,1,heuristic,invalid,invalid,False,False,1,tensorop,f32,128,128,64,1,2,1,1,1,1,6,4,1,1,64,128,16,90,90,167772160,137455730688,819,0.18264,855.508,752605.0,4.862484632932049
1,CUTLASS,gemm,cutlass3x_sm90_tensorop_gemm_bf16_bf16_f32_bf16_bf16_64x256x64_1x2x1_0_ttt_align8_warpspecialized_pingpong_epi_tma,passed,success,universal,8192,1024,8192,bf16:row,bf16:row,bf16:row,bf16:row,1,0,serial,1,1,heuristic,invalid,invalid,False,False,1,tensorop,f32,64,256,64,1,2,1,1,1,1,5,4,1,1,64,256,16,90,90,167772160,137455730688,819,0.182957,854.027,751302.0,4.854066116609794
1,CUTLASS,gemm,cutlass3x_sm90_tensorop_gemm_bf16_bf16_f32_void_bf16_128x128x64_1x2x1_0_ttt_align8_warpspecialized_cooperative_epi_tma,passed,success,universal,8192,1024,8192,bf16:row,bf16:row,void:row,bf16:row,1,0,serial,1,1,heuristic,invalid,invalid,False,False,1,tensorop,f32,128,128,64,1,2,1,1,1,1,6,4,2,1,64,128,16,90,90,150994944,137455730688,910,0.183805,765.078,747835.0,4.831666273103075
1,CUTLASS,gemm,cutlass3x_sm90_tensorop_gemm_bf16_bf16_f32_void_f32_256x128x64_2x1x1_0_ttt_align8_stream_k_warpspecialized_cooperative_epi_tma,passed,success,universal,8192,1024,8192,bf16:row,bf16:row,void:row,f32:row,1,0,serial,1,1,heuristic,invalid,invalid,False,False,1,tensorop,f32,256,128,64,2,1,1,1,1,1,4,4,2,1,64,128,16,90,90,150994944,137455730688,910,0.18473,761.248,744092.0,4.807483228901847
1,CUTLASS,gemm,cutlass3x_sm90_tensorop_gemm_bf16_bf16_f32_void_f32_128x128x64_1x2x1_0_ttt_align8_warpspecialized_pingpong_epi_tma,passed,success,universal,8192,1024,8192,bf16:row,bf16:row,void:row,f32:row,1,0,serial,1,1,heuristic,invalid,invalid,False,False,1,tensorop,f32,128,128,64,1,2,1,1,1,1,6,4,1,1,64,128,16,90,90,150994944,137455730688,910,0.185878,756.543,739493.0,4.777769678198817
1,CUTLASS,gemm,cutlass3x_sm90_tensorop_gemm_bf16_bf16_f32_void_f32_128x128x64_1x2x1_0_ttt_align8_warpspecialized_cooperative_epi_tma,passed,success,universal,8192,1024,8192,bf16:row,bf16:row,void:row,f32:row,1,0,serial,1,1,heuristic,invalid,invalid,False,False,1,tensorop,f32,128,128,64,1,2,1,1,1,1,6,4,2,1,64,128,16,90,90,150994944,137455730688,910,0.186358,754.594,737588.0,4.76546171688347
1,CUTLASS,gemm,cutlass3x_sm90_tensorop_gemm_bf16_bf16_f32_f32_f32_128x128x64_1x2x1_0_ttt_align8_warpspecialized_cooperative_epi_tma,passed,success,universal,8192,1024,8192,bf16:row,bf16:row,f32:row,f32:row,1,0,serial,1,1,heuristic,invalid,invalid,False,False,1,tensorop,f32,128,128,64,1,2,1,1,1,1,5,4,2,1,64,128,16,90,90,184549376,137455730688,744,0.186563,921.27,736778.0,4.760228410497418
1,CUTLASS,gemm,cutlass3x_sm90_tensorop_gemm_bf16_bf16_f32_f32_f32_128x128x64_1x2x1_0_ttt_align8_warpspecialized_pingpong_epi_tma,passed,success,universal,8192,1024,8192,bf16:row,bf16:row,f32:row,f32:row,1,0,serial,1,1,heuristic,invalid,invalid,False,False,1,tensorop,f32,128,128,64,1,2,1,1,1,1,6,4,1,1,64,128,16,90,90,184549376,137455730688,744,0.186691,920.638,736273.0,4.756965670096239
1,CUTLASS,gemm,cutlass3x_sm90_tensorop_gemm_bf16_bf16_f32_void_bf16_128x128x64_1x2x1_0_ttt_align8_stream_k_warpspecialized_cooperative_epi_tma,passed,success,universal,8192,1024,8192,bf16:row,bf16:row,void:row,bf16:row,1,0,serial,1,1,heuristic,invalid,invalid,False,False,1,tensorop,f32,128,128,64,1,2,1,1,1,1,6,4,2,1,64,128,16,90,90,150994944,137455730688,910,0.188454,746.202,729385.0,4.7124631831985475
1,CUTLASS,gemm,cutlass3x_sm90_tensorop_gemm_bf16_bf16_f32_f32_f32_128x128x64_1x2x1_0_ttt_align8_stream_k_warpspecialized_cooperative_epi_tma,passed,success,universal,8192,1024,8192,bf16:row,bf16:row,f32:row,f32:row,1,0,serial,1,1,heuristic,invalid,invalid,False,False,1,tensorop,f32,128,128,64,1,2,1,1,1,1,5,4,2,1,64,128,16,90,90,184549376,137455730688,744,0.189117,908.83,726830.0,4.695955655030197
1,CUTLASS,gemm,cutlass3x_sm90_tensorop_gemm_bf16_bf16_f32_bf16_bf16_128x128x64_1x2x1_0_ttt_align8_stream_k_warpspecialized_cooperative_epi_tma,passed,success,universal,8192,1024,8192,bf16:row,bf16:row,bf16:row,bf16:row,1,0,serial,1,1,heuristic,invalid,invalid,False,False,1,tensorop,f32,128,128,64,1,2,1,1,1,1,6,4,2,1,64,128,16,90,90,167772160,137455730688,819,0.189142,826.097,726731.0,4.695316028694125
1,CUTLASS,gemm,cutlass3x_sm90_tensorop_gemm_bf16_bf16_f32_void_f32_128x128x64_1x2x1_0_ttt_align8_stream_k_warpspecialized_cooperative_epi_tma,passed,success,universal,8192,1024,8192,bf16:row,bf16:row,void:row,f32:row,1,0,serial,1,1,heuristic,invalid,invalid,False,False,1,tensorop,f32,128,128,64,1,2,1,1,1,1,6,4,2,1,64,128,16,90,90,150994944,137455730688,910,0.190682,737.486,720865.0,4.657416553063773
1,CUTLASS,gemm,cutlass3x_sm90_tensorop_gemm_bf16_bf16_f32_void_f32_64x256x64_1x2x1_0_ttt_align8_warpspecialized_pingpong_epi_tma,passed,success,universal,8192,1024,8192,bf16:row,bf16:row,void:row,f32:row,1,0,serial,1,1,heuristic,invalid,invalid,False,False,1,tensorop,f32,64,256,64,1,2,1,1,1,1,5,4,1,1,64,256,16,90,90,150994944,137455730688,910,0.193504,726.729,710351.0,4.5894869439983985
1,CUTLASS,gemm,cutlass3x_sm90_tensorop_gemm_bf16_bf16_f32_bf16_bf16_128x256x64_2x1x1_0_ttt_align8,passed,success,universal,8192,1024,8192,bf16:row,bf16:row,bf16:row,bf16:row,1,0,serial,1,1,heuristic,invalid,invalid,False,False,1,tensorop,f32,128,256,64,2,1,1,1,1,1,4,4,2,1,64,256,16,90,90,167772160,137455730688,819,0.195478,799.321,703176.0,4.543130186813304
1,CUTLASS,gemm,cutlass3x_sm90_tensorop_gemm_bf16_bf16_f32_bf16_bf16_128x256x64_2x1x1_0_ttt_align8_warpspecialized_cooperative_epi_nosmem,passed,success,universal,8192,1024,8192,bf16:row,bf16:row,bf16:row,bf16:row,1,0,serial,1,1,heuristic,invalid,invalid,False,False,1,tensorop,f32,128,256,64,2,1,1,1,1,1,4,4,2,1,64,256,16,90,90,167772160,137455730688,819,0.195741,798.25,702233.0,4.537037584440406
1,CUTLASS,gemm,cutlass3x_sm90_tensorop_gemm_bf16_bf16_f32_void_bf16_128x256x64_2x1x1_0_ttt_align8_warpspecialized_cooperative_epi_nosmem,passed,success,universal,8192,1024,8192,bf16:row,bf16:row,void:row,bf16:row,1,0,serial,1,1,heuristic,invalid,invalid,False,False,1,tensorop,f32,128,256,64,2,1,1,1,1,1,4,4,2,1,64,256,16,90,90,150994944,137455730688,910,0.195837,718.072,701889.0,4.534815044444355
1,CUTLASS,gemm,cutlass3x_sm90_tensorop_gemm_bf16_bf16_f32_void_bf16_256x128x64_1x2x1_0_ttt_align8_warpspecialized_cooperative_epi_nosmem,passed,success,universal,8192,1024,8192,bf16:row,bf16:row,void:row,bf16:row,1,0,serial,1,1,heuristic,invalid,invalid,False,False,1,tensorop,f32,256,128,64,1,2,1,1,1,1,4,4,2,1,64,128,16,90,90,150994944,137455730688,910,0.195898,717.85,701671.0,4.533406574330577
1,CUTLASS,gemm,cutlass3x_sm90_tensorop_gemm_bf16_bf16_f32_f32_f32_128x256x64_1x2x1_0_ttt_align8_warpspecialized_cooperative_epi_nosmem,passed,success,universal,8192,1024,8192,bf16:row,bf16:row,f32:row,f32:row,1,0,serial,1,1,heuristic,invalid,invalid,False,False,1,tensorop,f32,128,256,64,1,2,1,1,1,1,4,4,2,1,64,256,16,90,90,184549376,137455730688,744,0.196016,876.842,701247.0,4.530667164568002
1,CUTLASS,gemm,cutlass3x_sm90_tensorop_gemm_bf16_bf16_f32_bf16_bf16_256x128x64_1x2x1_0_ttt_align8_warpspecialized_cooperative_epi_nosmem,passed,success,universal,8192,1024,8192,bf16:row,bf16:row,bf16:row,bf16:row,1,0,serial,1,1,heuristic,invalid,invalid,False,False,1,tensorop,f32,256,128,64,1,2,1,1,1,1,4,4,2,1,64,128,16,90,90,167772160,137455730688,819,0.196035,797.051,701179.0,4.530227825266457
1,CUTLASS,gemm,cutlass3x_sm90_tensorop_gemm_bf16_bf16_f32_bf16_bf16_256x128x64_1x2x1_0_ttt_align8,passed,success,universal,8192,1024,8192,bf16:row,bf16:row,bf16:row,bf16:row,1,0,serial,1,1,heuristic,invalid,invalid,False,False,1,tensorop,f32,256,128,64,1,2,1,1,1,1,4,4,2,1,64,128,16,90,90,167772160,137455730688,819,0.196115,796.726,700893.0,4.528380015851135
1,CUTLASS,gemm,cutlass3x_sm90_tensorop_gemm_bf16_bf16_f32_f32_f32_128x256x64_1x2x1_0_ttt_align8,passed,success,universal,8192,1024,8192,bf16:row,bf16:row,f32:row,f32:row,1,0,serial,1,1,heuristic,invalid,invalid,False,False,1,tensorop,f32,128,256,64,1,2,1,1,1,1,4,4,2,1,64,256,16,90,90,184549376,137455730688,744,0.196125,876.355,700858.0,4.528153885328281
1,CUTLASS,gemm,cutlass3x_sm90_tensorop_gemm_bf16_bf16_f32_void_bf16_128x256x64_2x1x1_0_ttt_align8_stream_k_warpspecialized_cooperative_epi_nosmem,passed,success,universal,8192,1024,8192,bf16:row,bf16:row,void:row,bf16:row,1,0,serial,1,1,heuristic,invalid,invalid,False,False,1,tensorop,f32,128,256,64,2,1,1,1,1,1,4,4,2,1,64,256,16,90,90,150994944,137455730688,910,0.196342,716.223,700082.0,4.523140248593001
1,CUTLASS,gemm,cutlass3x_sm90_tensorop_gemm_bf16_bf16_f32_void_f32_128x256x64_1x2x1_0_ttt_align8_warpspecialized_cooperative_epi_nosmem,passed,success,universal,8192,1024,8192,bf16:row,bf16:row,void:row,f32:row,1,0,serial,1,1,heuristic,invalid,invalid,False,False,1,tensorop,f32,128,256,64,1,2,1,1,1,1,4,4,2,1,64,256,16,90,90,150994944,137455730688,910,0.196368,716.13,699990.0,4.522545848361498
1,CUTLASS,gemm,cutlass3x_sm90_tensorop_gemm_bf16_bf16_f32_f32_f32_128x256x64_2x1x1_0_ttt_align8_warpspecialized_cooperative_epi_nosmem,passed,success,universal,8192,1024,8192,bf16:row,bf16:row,f32:row,f32:row,1,0,serial,1,1,heuristic,invalid,invalid,False,False,1,tensorop,f32,128,256,64,2,1,1,1,1,1,4,4,2,1,64,256,16,90,90,184549376,137455730688,744,0.19639,875.17,699911.0,4.522035439467056
1,CUTLASS,gemm,cutlass3x_sm90_tensorop_gemm_bf16_bf16_f32_bf16_bf16_128x256x64_2x1x1_0_ttt_align8_stream_k_warpspecialized_cooperative_epi_nosmem,passed,success,universal,8192,1024,8192,bf16:row,bf16:row,bf16:row,bf16:row,1,0,serial,1,1,heuristic,invalid,invalid,False,False,1,tensorop,f32,128,256,64,2,1,1,1,1,1,4,4,2,1,64,256,16,90,90,167772160,137455730688,819,0.196509,795.13,699489.0,4.519308951448645
1,CUTLASS,gemm,cutlass3x_sm90_tensorop_gemm_bf16_bf16_f32_f32_f32_128x256x64_2x1x1_0_ttt_align8,passed,success,universal,8192,1024,8192,bf16:row,bf16:row,f32:row,f32:row,1,0,serial,1,1,heuristic,invalid,invalid,False,False,1,tensorop,f32,128,256,64,2,1,1,1,1,1,4,4,2,1,64,256,16,90,90,184549376,137455730688,744,0.196573,874.358,699261.0,4.517835872614051
1,CUTLASS,gemm,cutlass3x_sm90_tensorop_gemm_bf16_bf16_f32_void_f32_128x256x64_2x1x1_0_ttt_align8_stream_k_warpspecialized_cooperative_epi_nosmem,passed,success,universal,8192,1024,8192,bf16:row,bf16:row,void:row,f32:row,1,0,serial,1,1,heuristic,invalid,invalid,False,False,1,tensorop,f32,128,256,64,2,1,1,1,1,1,4,4,2,1,64,256,16,90,90,150994944,137455730688,910,0.196672,715.023,698908.0,4.5155551847692665
1,CUTLASS,gemm,cutlass3x_sm90_tensorop_gemm_bf16_bf16_f32_f32_f32_256x128x64_1x2x1_0_ttt_align8,passed,success,universal,8192,1024,8192,bf16:row,bf16:row,f32:row,f32:row,1,0,serial,1,1,heuristic,invalid,invalid,False,False,1,tensorop,f32,256,128,64,1,2,1,1,1,1,4,4,2,1,64,128,16,90,90,184549376,137455730688,744,0.196733,873.647,698693.0,4.514166097271733
1,CUTLASS,gemm,cutlass3x_sm90_tensorop_gemm_bf16_bf16_f32_void_bf16_256x128x64_1x2x1_0_ttt_align8_stream_k_warpspecialized_cooperative_epi_nosmem,passed,success,universal,8192,1024,8192,bf16:row,bf16:row,void:row,bf16:row,1,0,serial,1,1,heuristic,invalid,invalid,False,False,1,tensorop,f32,256,128,64,1,2,1,1,1,1,4,4,2,1,64,128,16,90,90,150994944,137455730688,910,0.196854,714.36,698261.0,4.511375000532506
1,CUTLASS,gemm,cutlass3x_sm90_tensorop_gemm_bf16_bf16_f32_void_f32_128x256x64_2x1x1_0_ttt_align8_warpspecialized_cooperative_epi_nosmem,passed,success,universal,8192,1024,8192,bf16:row,bf16:row,void:row,f32:row,1,0,serial,1,1,heuristic,invalid,invalid,False,False,1,tensorop,f32,128,256,64,2,1,1,1,1,1,4,4,2,1,64,256,16,90,90,150994944,137455730688,910,0.196861,714.337,698238.0,4.51122640047463
1,CUTLASS,gemm,cutlass3x_sm90_tensorop_gemm_bf16_bf16_f32_bf16_bf16_256x128x64_1x2x1_0_ttt_align8_stream_k_warpspecialized_cooperative_epi_nosmem,passed,success,universal,8192,1024,8192,bf16:row,bf16:row,bf16:row,bf16:row,1,0,serial,1,1,heuristic,invalid,invalid,False,False,1,tensorop,f32,256,128,64,1,2,1,1,1,1,4,4,2,1,64,128,16,90,90,167772160,137455730688,819,0.196915,793.489,698045.0,4.509979452162891
1,CUTLASS,gemm,cutlass3x_sm90_tensorop_gemm_bf16_bf16_f32_f32_f32_256x128x64_1x2x1_0_ttt_align8_warpspecialized_cooperative_epi_nosmem,passed,success,universal,8192,1024,8192,bf16:row,bf16:row,f32:row,f32:row,1,0,serial,1,1,heuristic,invalid,invalid,False,False,1,tensorop,f32,256,128,64,1,2,1,1,1,1,4,4,2,1,64,128,16,90,90,184549376,137455730688,744,0.196979,872.554,697819.0,4.50851929507246
1,CUTLASS,gemm,cutlass3x_sm90_tensorop_gemm_bf16_bf16_f32_f32_f32_128x256x64_1x2x1_0_ttt_align8_stream_k_warpspecialized_cooperative_epi_nosmem,passed,success,universal,8192,1024,8192,bf16:row,bf16:row,f32:row,f32:row,1,0,serial,1,1,heuristic,invalid,invalid,False,False,1,tensorop,f32,128,256,64,1,2,1,1,1,1,4,4,2,1,64,256,16,90,90,184549376,137455730688,744,0.19704,872.285,697603.0,4.507123746702849
1,CUTLASS,gemm,cutlass3x_sm90_tensorop_gemm_bf16_bf16_f32_bf16_bf16_128x256x64_1x2x1_0_ttt_align8_stream_k_warpspecialized_cooperative_epi_nosmem,passed,success,universal,8192,1024,8192,bf16:row,bf16:row,bf16:row,bf16:row,1,0,serial,1,1,heuristic,invalid,invalid,False,False,1,tensorop,f32,128,256,64,1,2,1,1,1,1,4,4,2,1,64,256,16,90,90,167772160,137455730688,819,0.197062,792.896,697524.0,4.506613337808407
1,CUTLASS,gemm,cutlass3x_sm90_tensorop_gemm_bf16_bf16_f32_void_f32_256x128x64_1x2x1_0_ttt_align8_warpspecialized_cooperative_epi_nosmem,passed,success,universal,8192,1024,8192,bf16:row,bf16:row,void:row,f32:row,1,0,serial,1,1,heuristic,invalid,invalid,False,False,1,tensorop,f32,256,128,64,1,2,1,1,1,1,4,4,2,1,64,128,16,90,90,150994944,137455730688,910,0.197082,713.537,697456.0,4.50617399850686
1,CUTLASS,gemm,cutlass3x_sm90_tensorop_gemm_bf16_bf16_f32_void_bf16_128x256x64_1x2x1_0_ttt_align8_warpspecialized_cooperative_epi_nosmem,passed,success,universal,8192,1024,8192,bf16:row,bf16:row,void:row,bf16:row,1,0,serial,1,1,heuristic,invalid,invalid,False,False,1,tensorop,f32,128,256,64,1,2,1,1,1,1,4,4,2,1,64,256,16,90,90,150994944,137455730688,910,0.197098,713.479,697399.0,4.505805728798212
1,CUTLASS,gemm,cutlass3x_sm90_tensorop_gemm_bf16_bf16_f32_bf16_bf16_128x256x64_1x2x1_0_ttt_align8_warpspecialized_cooperative_epi_nosmem,passed,success,universal,8192,1024,8192,bf16:row,bf16:row,bf16:row,bf16:row,1,0,serial,1,1,heuristic,invalid,invalid,False,False,1,tensorop,f32,128,256,64,1,2,1,1,1,1,4,4,2,1,64,256,16,90,90,167772160,137455730688,819,0.197405,791.521,696314.0,4.498795682589734
1,CUTLASS,gemm,cutlass3x_sm90_tensorop_gemm_bf16_bf16_f32_bf16_bf16_128x256x64_1x2x1_0_ttt_align8,passed,success,universal,8192,1024,8192,bf16:row,bf16:row,bf16:row,bf16:row,1,0,serial,1,1,heuristic,invalid,invalid,False,False,1,tensorop,f32,128,256,64,1,2,1,1,1,1,4,4,2,1,64,256,16,90,90,167772160,137455730688,819,0.197421,791.457,696258.0,4.498433873753169
1,CUTLASS,gemm,cutlass3x_sm90_tensorop_gemm_bf16_bf16_f32_void_bf16_128x256x64_1x2x1_0_ttt_align8_stream_k_warpspecialized_cooperative_epi_nosmem,passed,success,universal,8192,1024,8192,bf16:row,bf16:row,void:row,bf16:row,1,0,serial,1,1,heuristic,invalid,invalid,False,False,1,tensorop,f32,128,256,64,1,2,1,1,1,1,4,4,2,1,64,256,16,90,90,150994944,137455730688,910,0.197421,712.311,696258.0,4.498433873753169
1,CUTLASS,gemm,cutlass3x_sm90_tensorop_gemm_bf16_bf16_f32_void_f32_128x256x64_1x2x1_0_ttt_align8_stream_k_warpspecialized_cooperative_epi_nosmem,passed,success,universal,8192,1024,8192,bf16:row,bf16:row,void:row,f32:row,1,0,serial,1,1,heuristic,invalid,invalid,False,False,1,tensorop,f32,128,256,64,1,2,1,1,1,1,4,4,2,1,64,256,16,90,90,150994944,137455730688,910,0.197475,712.115,696066.0,4.497193386313511
1,CUTLASS,gemm,cutlass3x_sm90_tensorop_gemm_bf16_bf16_f32_f32_f32_128x256x64_2x1x1_0_ttt_align8_stream_k_warpspecialized_cooperative_epi_nosmem,passed,success,universal,8192,1024,8192,bf16:row,bf16:row,f32:row,f32:row,1,0,serial,1,1,heuristic,invalid,invalid,False,False,1,tensorop,f32,128,256,64,2,1,1,1,1,1,4,4,2,1,64,256,16,90,90,184549376,137455730688,744,0.197686,869.433,695322.0,4.4923864974848415
1,CUTLASS,gemm,cutlass3x_sm90_tensorop_gemm_bf16_bf16_f32_void_f32_256x128x64_1x2x1_0_ttt_align8_stream_k_warpspecialized_cooperative_epi_nosmem,passed,success,universal,8192,1024,8192,bf16:row,bf16:row,void:row,f32:row,1,0,serial,1,1,heuristic,invalid,invalid,False,False,1,tensorop,f32,256,128,64,1,2,1,1,1,1,4,4,2,1,64,128,16,90,90,150994944,137455730688,910,0.197824,710.859,694838.0,4.489259435397372
1,CUTLASS,gemm,cutlass3x_sm90_tensorop_gemm_bf16_bf16_f32_f32_f32_256x128x64_1x2x1_0_ttt_align8_stream_k_warpspecialized_cooperative_epi_nosmem,passed,success,universal,8192,1024,8192,bf16:row,bf16:row,f32:row,f32:row,1,0,serial,1,1,heuristic,invalid,invalid,False,False,1,tensorop,f32,256,128,64,1,2,1,1,1,1,4,4,2,1,64,128,16,90,90,184549376,137455730688,744,0.198499,865.872,692475.0,4.473992394668678
1,CUTLASS,gemm,cutlass3x_sm90_tensorop_gemm_bf16_bf16_f32_void_bf16_256x128x64_2x1x1_0_ttt_align8_warpspecialized_cooperative_epi_nosmem,passed,success,universal,8192,1024,8192,bf16:row,bf16:row,void:row,bf16:row,1,0,serial,1,1,heuristic,invalid,invalid,False,False,1,tensorop,f32,256,128,64,2,1,1,1,1,1,4,4,2,1,64,128,16,90,90,150994944,137455730688,910,0.200278,702.148,686323.0,4.434245109623006
1,CUTLASS,gemm,cutlass3x_sm90_tensorop_gemm_bf16_bf16_f32_f32_f32_256x128x64_2x1x1_0_ttt_align8_warpspecialized_cooperative_epi_nosmem,passed,success,universal,8192,1024,8192,bf16:row,bf16:row,f32:row,f32:row,1,0,serial,1,1,heuristic,invalid,invalid,False,False,1,tensorop,f32,256,128,64,2,1,1,1,1,1,4,4,2,1,64,128,16,90,90,184549376,137455730688,744,0.201002,855.093,683854.0,4.4182932164536695
1,CUTLASS,gemm,cutlass3x_sm90_tensorop_gemm_bf16_bf16_f32_f32_f32_256x128x64_2x1x1_0_ttt_align8,passed,success,universal,8192,1024,8192,bf16:row,bf16:row,f32:row,f32:row,1,0,serial,1,1,heuristic,invalid,invalid,False,False,1,tensorop,f32,256,128,64,2,1,1,1,1,1,4,4,2,1,64,128,16,90,90,184549376,137455730688,744,0.20105,854.889,683691.0,4.417240094304377
1,CUTLASS,gemm,cutlass3x_sm90_tensorop_gemm_bf16_bf16_f32_bf16_bf16_256x128x64_2x1x1_0_ttt_align8_warpspecialized_cooperative_epi_nosmem,passed,success,universal,8192,1024,8192,bf16:row,bf16:row,bf16:row,bf16:row,1,0,serial,1,1,heuristic,invalid,invalid,False,False,1,tensorop,f32,256,128,64,2,1,1,1,1,1,4,4,2,1,64,128,16,90,90,167772160,137455730688,819,0.20111,776.936,683484.0,4.415902693783496
1,CUTLASS,gemm,cutlass3x_sm90_tensorop_gemm_bf16_bf16_f32_void_f32_256x128x64_2x1x1_0_ttt_align8_warpspecialized_cooperative_epi_nosmem,passed,success,universal,8192,1024,8192,bf16:row,bf16:row,void:row,f32:row,1,0,serial,1,1,heuristic,invalid,invalid,False,False,1,tensorop,f32,256,128,64,2,1,1,1,1,1,4,4,2,1,64,128,16,90,90,150994944,137455730688,910,0.201549,697.722,681997.0,4.406295376998238
1,CUTLASS,gemm,cutlass3x_sm90_tensorop_gemm_bf16_bf16_f32_void_bf16_256x128x64_2x1x1_0_ttt_align8_stream_k_warpspecialized_cooperative_epi_nosmem,passed,success,universal,8192,1024,8192,bf16:row,bf16:row,void:row,bf16:row,1,0,serial,1,1,heuristic,invalid,invalid,False,False,1,tensorop,f32,256,128,64,2,1,1,1,1,1,4,4,2,1,64,128,16,90,90,150994944,137455730688,910,0.202272,695.227,679559.0,4.390543770863429
1,CUTLASS,gemm,cutlass3x_sm90_tensorop_gemm_bf16_bf16_f32_f32_f32_256x128x64_2x1x1_0_ttt_align8_stream_k_warpspecialized_cooperative_epi_nosmem,passed,success,universal,8192,1024,8192,bf16:row,bf16:row,f32:row,f32:row,1,0,serial,1,1,heuristic,invalid,invalid,False,False,1,tensorop,f32,256,128,64,2,1,1,1,1,1,4,4,2,1,64,128,16,90,90,184549376,137455730688,744,0.202595,848.367,678475.0,4.383540185527032
1,CUTLASS,gemm,cutlass3x_sm90_tensorop_gemm_bf16_bf16_f32_bf16_bf16_256x128x64_2x1x1_0_ttt_align8_stream_k_warpspecialized_cooperative_epi_nosmem,passed,success,universal,8192,1024,8192,bf16:row,bf16:row,bf16:row,bf16:row,1,0,serial,1,1,heuristic,invalid,invalid,False,False,1,tensorop,f32,256,128,64,2,1,1,1,1,1,4,4,2,1,64,128,16,90,90,167772160,137455730688,819,0.202867,770.208,677565.0,4.377660791932826
1,CUTLASS,gemm,cutlass3x_sm90_tensorop_gemm_bf16_bf16_f32_bf16_bf16_256x128x64_2x1x1_0_ttt_align8,passed,success,universal,8192,1024,8192,bf16:row,bf16:row,bf16:row,bf16:row,1,0,serial,1,1,heuristic,invalid,invalid,False,False,1,tensorop,f32,256,128,64,2,1,1,1,1,1,4,4,2,1,64,128,16,90,90,167772160,137455730688,819,0.203437,768.052,675668.0,4.365404517594133
1,CUTLASS,gemm,cutlass3x_sm90_tensorop_gemm_bf16_bf16_f32_void_f32_256x128x64_2x1x1_0_ttt_align8_stream_k_warpspecialized_cooperative_epi_nosmem,passed,success,universal,8192,1024,8192,bf16:row,bf16:row,void:row,f32:row,1,0,serial,1,1,heuristic,invalid,invalid,False,False,1,tensorop,f32,256,128,64,2,1,1,1,1,1,4,4,2,1,64,128,16,90,90,150994944,137455730688,910,0.203622,690.617,675052.0,4.3614246203919
1,CUTLASS,gemm,cutlass3x_sm90_tensorop_gemm_bf16_bf16_f32_bf16_bf16_128x128x64_1x2x1_0_ttt_align8_warpspecialized_pingpong_epi_nosmem,passed,success,universal,8192,1024,8192,bf16:row,bf16:row,bf16:row,bf16:row,1,0,serial,1,1,heuristic,invalid,invalid,False,False,1,tensorop,f32,128,128,64,1,2,1,1,1,1,7,4,1,1,64,128,16,90,90,167772160,137455730688,819,0.20367,767.171,674893.0,4.360397341730934
1,CUTLASS,gemm,cutlass3x_sm90_tensorop_gemm_bf16_bf16_f32_f32_f32_128x128x64_1x2x1_0_ttt_align8_warpspecialized_pingpong_epi_nosmem,passed,success,universal,8192,1024,8192,bf16:row,bf16:row,f32:row,f32:row,1,0,serial,1,1,heuristic,invalid,invalid,False,False,1,tensorop,f32,128,128,64,1,2,1,1,1,1,7,4,1,1,64,128,16,90,90,184549376,137455730688,744,0.205101,838.003,670186.0,4.329986016843096
1,CUTLASS,gemm,cutlass3x_sm90_tensorop_gemm_bf16_bf16_f32_void_f32_128x128x64_1x2x1_0_ttt_align8_warpspecialized_pingpong_epi_nosmem,passed,success,universal,8192,1024,8192,bf16:row,bf16:row,void:row,f32:row,1,0,serial,1,1,heuristic,invalid,invalid,False,False,1,tensorop,f32,128,128,64,1,2,1,1,1,1,7,4,1,1,64,128,16,90,90,150994944,137455730688,910,0.205107,685.617,670165.0,4.3298503385293845
1,CUTLASS,gemm,cutlass3x_sm90_tensorop_gemm_bf16_bf16_f32_void_bf16_128x128x64_1x2x1_0_ttt_align8_warpspecialized_pingpong_epi_nosmem,passed,success,universal,8192,1024,8192,bf16:row,bf16:row,void:row,bf16:row,1,0,serial,1,1,heuristic,invalid,invalid,False,False,1,tensorop,f32,128,128,64,1,2,1,1,1,1,7,4,1,1,64,128,16,90,90,150994944,137455730688,910,0.205286,685.019,669580.0,4.326070728361679
1,CUTLASS,gemm,cutlass3x_sm90_tensorop_gemm_bf16_bf16_f32_f32_f32_64x256x64_1x2x1_0_ttt_align8_warpspecialized_pingpong_epi_tma,passed,success,universal,8192,1024,8192,bf16:row,bf16:row,f32:row,f32:row,1,0,serial,1,1,heuristic,invalid,invalid,False,False,1,tensorop,f32,64,256,64,1,2,1,1,1,1,4,4,1,1,64,256,16,90,90,184549376,137455730688,744,0.207462,828.463,662557.0,4.280696023732982
1,CUTLASS,gemm,cutlass3x_sm90_tensorop_gemm_bf16_bf16_f32_bf16_bf16_128x128x64_2x1x1_0_ttt_align8_warpspecialized_pingpong_epi_tma,passed,success,universal,8192,1024,8192,bf16:row,bf16:row,bf16:row,bf16:row,1,0,serial,1,1,heuristic,invalid,invalid,False,False,1,tensorop,f32,128,128,64,2,1,1,1,1,1,6,4,1,1,64,128,16,90,90,167772160,137455730688,819,0.207789,751.965,661517.0,4.273976716768172
1,CUTLASS,gemm,cutlass3x_sm90_tensorop_gemm_bf16_bf16_f32_void_bf16_128x128x64_2x1x1_0_ttt_align8_warpspecialized_cooperative_epi_tma,passed,success,universal,8192,1024,8192,bf16:row,bf16:row,void:row,bf16:row,1,0,serial,1,1,heuristic,invalid,invalid,False,False,1,tensorop,f32,128,128,64,2,1,1,1,1,1,6,4,2,1,64,128,16,90,90,150994944,137455730688,910,0.207891,676.436,661191.0,4.271870472469589
1,CUTLASS,gemm,cutlass3x_sm90_tensorop_gemm_bf16_bf16_f32_f32_f32_128x128x64_2x1x1_0_ttt_align8_warpspecialized_pingpong_epi_tma,passed,success,universal,8192,1024,8192,bf16:row,bf16:row,f32:row,f32:row,1,0,serial,1,1,heuristic,invalid,invalid,False,False,1,tensorop,f32,128,128,64,2,1,1,1,1,1,6,4,1,1,64,128,16,90,90,184549376,137455730688,744,0.208422,824.647,659506.0,4.260983903012184
1,CUTLASS,gemm,cutlass3x_sm90_tensorop_gemm_bf16_bf16_f32_bf16_bf16_128x128x64_2x1x1_0_ttt_align8_warpspecialized_cooperative_epi_tma,passed,success,universal,8192,1024,8192,bf16:row,bf16:row,bf16:row,bf16:row,1,0,serial,1,1,heuristic,invalid,invalid,False,False,1,tensorop,f32,128,128,64,2,1,1,1,1,1,6,4,2,1,64,128,16,90,90,167772160,137455730688,819,0.209779,744.831,655240.0,4.233421822712308
1,CUTLASS,gemm,cutlass3x_sm90_tensorop_gemm_bf16_bf16_f32_void_bf16_128x128x64_2x1x1_0_ttt_align8_stream_k_warpspecialized_cooperative_epi_tma,passed,success,universal,8192,1024,8192,bf16:row,bf16:row,void:row,bf16:row,1,0,serial,1,1,heuristic,invalid,invalid,False,False,1,tensorop,f32,128,128,64,2,1,1,1,1,1,6,4,2,1,64,128,16,90,90,150994944,137455730688,910,0.211059,666.282,651266.0,4.207746317060244
1,CUTLASS,gemm,cutlass3x_sm90_tensorop_gemm_bf16_bf16_f32_f32_f32_128x128x64_1x2x1_0_ttt_align8,passed,success,universal,8192,1024,8192,bf16:row,bf16:row,f32:row,f32:row,1,0,serial,1,1,heuristic,invalid,invalid,False,False,1,tensorop,f32,128,128,64,1,2,1,1,1,1,7,4,2,1,64,128,16,90,90,184549376,137455730688,744,0.211546,812.473,649769.0,4.198074391554168
1,CUTLASS,gemm,cutlass3x_sm90_tensorop_gemm_bf16_bf16_f32_void_f32_128x128x64_2x1x1_0_ttt_align8_warpspecialized_cooperative_epi_tma,passed,success,universal,8192,1024,8192,bf16:row,bf16:row,void:row,f32:row,1,0,serial,1,1,heuristic,invalid,invalid,False,False,1,tensorop,f32,128,128,64,2,1,1,1,1,1,6,4,2,1,64,128,16,90,90,150994944,137455730688,910,0.212038,663.205,648259.0,4.188318474711034
1,CUTLASS,gemm,cutlass3x_sm90_tensorop_gemm_bf16_bf16_f32_void_f32_128x128x64_1x2x1_0_ttt_align8_warpspecialized_cooperative_epi_nosmem,passed,success,universal,8192,1024,8192,bf16:row,bf16:row,void:row,f32:row,1,0,serial,1,1,heuristic,invalid,invalid,False,False,1,tensorop,f32,128,128,64,1,2,1,1,1,1,7,4,2,1,64,128,16,90,90,150994944,137455730688,910,0.212262,662.505,647575.0,4.183899238207257
1,CUTLASS,gemm,cutlass3x_sm90_tensorop_gemm_bf16_bf16_f32_void_bf16_128x128x64_2x1x1_0_ttt_align8_warpspecialized_pingpong_epi_tma,passed,success,universal,8192,1024,8192,bf16:row,bf16:row,void:row,bf16:row,1,0,serial,1,1,heuristic,invalid,invalid,False,False,1,tensorop,f32,128,128,64,2,1,1,1,1,1,6,4,1,1,64,128,16,90,90,150994944,137455730688,910,0.212378,662.146,647223.0,4.181625011234552
1,CUTLASS,gemm,cutlass3x_sm90_tensorop_gemm_bf16_bf16_f32_bf16_bf16_128x128x64_2x1x1_0_ttt_align8_stream_k_warpspecialized_cooperative_epi_tma,passed,success,universal,8192,1024,8192,bf16:row,bf16:row,bf16:row,bf16:row,1,0,serial,1,1,heuristic,invalid,invalid,False,False,1,tensorop,f32,128,128,64,2,1,1,1,1,1,6,4,2,1,64,128,16,90,90,167772160,137455730688,819,0.212678,734.677,646308.0,4.175713313279937
1,CUTLASS,gemm,cutlass3x_sm90_tensorop_gemm_bf16_bf16_f32_void_f32_128x128x64_2x1x1_0_ttt_align8_stream_k_warpspecialized_cooperative_epi_tma,passed,success,universal,8192,1024,8192,bf16:row,bf16:row,void:row,f32:row,1,0,serial,1,1,heuristic,invalid,invalid,False,False,1,tensorop,f32,128,128,64,2,1,1,1,1,1,6,4,2,1,64,128,16,90,90,150994944,137455730688,910,0.213126,659.82,644949.0,4.166932988121115
1,CUTLASS,gemm,cutlass3x_sm90_tensorop_gemm_bf16_bf16_f32_void_f32_128x128x64_2x1x1_0_ttt_align8_warpspecialized_pingpong_epi_tma,passed,success,universal,8192,1024,8192,bf16:row,bf16:row,void:row,f32:row,1,0,serial,1,1,heuristic,invalid,invalid,False,False,1,tensorop,f32,128,128,64,2,1,1,1,1,1,6,4,1,1,64,128,16,90,90,150994944,137455730688,910,0.213248,659.443,644582.0,4.164561848067188
1,CUTLASS,gemm,cutlass3x_sm90_tensorop_gemm_bf16_bf16_f32_void_bf16_64x256x64_2x1x1_0_ttt_align8_warpspecialized_pingpong_epi_tma,passed,success,universal,8192,1024,8192,bf16:row,bf16:row,void:row,bf16:row,1,0,serial,1,1,heuristic,invalid,invalid,False,False,1,tensorop,f32,64,256,64,2,1,1,1,1,1,5,4,1,1,64,256,16,90,90,150994944,137455730688,910,0.214579,655.352,640583.0,4.138724820613086
1,CUTLASS,gemm,cutlass3x_sm90_tensorop_gemm_bf16_bf16_f32_bf16_bf16_64x256x64_2x1x1_0_ttt_align8_warpspecialized_pingpong_epi_tma,passed,success,universal,8192,1024,8192,bf16:row,bf16:row,bf16:row,bf16:row,1,0,serial,1,1,heuristic,invalid,invalid,False,False,1,tensorop,f32,64,256,64,2,1,1,1,1,1,5,4,1,1,64,256,16,90,90,167772160,137455730688,819,0.214682,727.822,640277.0,4.1367477937561326
1,CUTLASS,gemm,cutlass3x_sm90_tensorop_gemm_bf16_bf16_f32_bf16_bf16_128x128x64_1x2x1_0_ttt_align8,passed,success,universal,8192,1024,8192,bf16:row,bf16:row,bf16:row,bf16:row,1,0,serial,1,1,heuristic,invalid,invalid,False,False,1,tensorop,f32,128,128,64,1,2,1,1,1,1,7,4,2,1,64,128,16,90,90,167772160,137455730688,819,0.21487,727.183,639715.0,4.133116783646304
1,CUTLASS,gemm,cutlass3x_sm90_tensorop_gemm_bf16_bf16_f32_void_bf16_128x128x64_1x2x1_0_ttt_align8_warpspecialized_cooperative_epi_nosmem,passed,success,universal,8192,1024,8192,bf16:row,bf16:row,void:row,bf16:row,1,0,serial,1,1,heuristic,invalid,invalid,False,False,1,tensorop,f32,128,128,64,1,2,1,1,1,1,7,4,2,1,64,128,16,90,90,150994944,137455730688,910,0.21537,652.947,638232.0,4.123535310349371
1,CUTLASS,gemm,cutlass3x_sm90_tensorop_gemm_bf16_bf16_f32_void_f32_64x256x64_2x1x1_0_ttt_align8_warpspecialized_pingpong_epi_tma,passed,success,universal,8192,1024,8192,bf16:row,bf16:row,void:row,f32:row,1,0,serial,1,1,heuristic,invalid,invalid,False,False,1,tensorop,f32,64,256,64,2,1,1,1,1,1,5,4,1,1,64,256,16,90,90,150994944,137455730688,910,0.215536,652.443,637739.0,4.1203501004131695
1,CUTLASS,gemm,cutlass3x_sm90_tensorop_gemm_bf16_bf16_f32_f32_f32_128x128x64_1x2x1_0_ttt_align8_warpspecialized_cooperative_epi_nosmem,passed,success,universal,8192,1024,8192,bf16:row,bf16:row,f32:row,f32:row,1,0,serial,1,1,heuristic,invalid,invalid,False,False,1,tensorop,f32,128,128,64,1,2,1,1,1,1,7,4,2,1,64,128,16,90,90,184549376,137455730688,744,0.215693,796.851,637275.0,4.117352255767331
1,CUTLASS,gemm,cutlass3x_sm90_tensorop_gemm_bf16_bf16_f32_bf16_bf16_128x128x64_1x2x1_0_ttt_align8_warpspecialized_cooperative_epi_nosmem,passed,success,universal,8192,1024,8192,bf16:row,bf16:row,bf16:row,bf16:row,1,0,serial,1,1,heuristic,invalid,invalid,False,False,1,tensorop,f32,128,128,64,1,2,1,1,1,1,7,4,2,1,64,128,16,90,90,167772160,137455730688,819,0.215856,723.862,636794.0,4.114244576296107
1,CUTLASS,gemm,cutlass3x_sm90_tensorop_gemm_bf16_bf16_f32_f32_f32_128x128x64_1x2x1_0_ttt_align8_stream_k_warpspecialized_cooperative_epi_nosmem,passed,success,universal,8192,1024,8192,bf16:row,bf16:row,f32:row,f32:row,1,0,serial,1,1,heuristic,invalid,invalid,False,False,1,tensorop,f32,128,128,64,1,2,1,1,1,1,7,4,2,1,64,128,16,90,90,184549376,137455730688,744,0.216336,794.482,635381.0,4.105115364044882
1,CUTLASS,gemm,cutlass3x_sm90_tensorop_gemm_bf16_bf16_f32_void_f32_128x128x64_1x2x1_0_ttt_align8_stream_k_warpspecialized_cooperative_epi_nosmem,passed,success,universal,8192,1024,8192,bf16:row,bf16:row,void:row,f32:row,1,0,serial,1,1,heuristic,invalid,invalid,False,False,1,tensorop,f32,128,128,64,1,2,1,1,1,1,7,4,2,1,64,128,16,90,90,150994944,137455730688,910,0.216624,649.166,634536.0,4.099655927135975
1,CUTLASS,gemm,cutlass3x_sm90_tensorop_gemm_bf16_bf16_f32_bf16_bf16_128x128x64_1x2x1_0_ttt_align8_stream_k_warpspecialized_cooperative_epi_nosmem,passed,success,universal,8192,1024,8192,bf16:row,bf16:row,bf16:row,bf16:row,1,0,serial,1,1,heuristic,invalid,invalid,False,False,1,tensorop,f32,128,128,64,1,2,1,1,1,1,7,4,2,1,64,128,16,90,90,167772160,137455730688,819,0.216947,720.221,633591.0,4.093550403018915
1,CUTLASS,gemm,cutlass3x_sm90_tensorop_gemm_bf16_bf16_f32_f32_f32_128x128x64_2x1x1_0_ttt_align8_stream_k_warpspecialized_cooperative_epi_tma,passed,success,universal,8192,1024,8192,bf16:row,bf16:row,f32:row,f32:row,1,0,serial,1,1,heuristic,invalid,invalid,False,False,1,tensorop,f32,128,128,64,2,1,1,1,1,1,5,4,2,1,64,128,16,90,90,184549376,137455730688,744,0.217152,791.496,632993.0,4.08968680151415
1,CUTLASS,gemm,cutlass3x_sm90_tensorop_gemm_bf16_bf16_f32_f32_f32_128x128x64_2x1x1_0_ttt_align8_warpspecialized_pingpong_epi_nosmem,passed,success,universal,8192,1024,8192,bf16:row,bf16:row,f32:row,f32:row,1,0,serial,1,1,heuristic,invalid,invalid,False,False,1,tensorop,f32,128,128,64,2,1,1,1,1,1,7,4,1,1,64,128,16,90,90,184549376,137455730688,744,0.217302,790.948,632555.0,4.086856939542434
1,CUTLASS,gemm,cutlass3x_sm90_tensorop_gemm_bf16_bf16_f32_f32_f32_128x128x64_2x1x1_0_ttt_align8_warpspecialized_cooperative_epi_tma,passed,success,universal,8192,1024,8192,bf16:row,bf16:row,f32:row,f32:row,1,0,serial,1,1,heuristic,invalid,invalid,False,False,1,tensorop,f32,128,128,64,2,1,1,1,1,1,5,4,2,1,64,128,16,90,90,184549376,137455730688,744,0.217658,789.658,631523.0,4.080189319554277
1,CUTLASS,gemm,cutlass3x_sm90_tensorop_gemm_bf16_bf16_f32_void_bf16_128x128x64_2x1x1_0_ttt_align8_warpspecialized_pingpong_epi_nosmem,passed,success,universal,8192,1024,8192,bf16:row,bf16:row,void:row,bf16:row,1,0,serial,1,1,heuristic,invalid,invalid,False,False,1,tensorop,f32,128,128,64,2,1,1,1,1,1,7,4,1,1,64,128,16,90,90,150994944,137455730688,910,0.217837,645.552,631003.0,4.076829666071873
1,CUTLASS,gemm,cutlass3x_sm90_tensorop_gemm_bf16_bf16_f32_bf16_bf16_128x128x64_2x1x1_0_ttt_align8_warpspecialized_pingpong_epi_nosmem,passed,success,universal,8192,1024,8192,bf16:row,bf16:row,bf16:row,bf16:row,1,0,serial,1,1,heuristic,invalid,invalid,False,False,1,tensorop,f32,128,128,64,2,1,1,1,1,1,7,4,1,1,64,128,16,90,90,167772160,137455730688,819,0.218269,715.86,629754.0,4.068760036842022
1,CUTLASS,gemm,cutlass3x_sm90_tensorop_gemm_bf16_bf16_f32_void_f32_128x128x64_2x1x1_0_ttt_align8_warpspecialized_pingpong_epi_nosmem,passed,success,universal,8192,1024,8192,bf16:row,bf16:row,void:row,f32:row,1,0,serial,1,1,heuristic,invalid,invalid,False,False,1,tensorop,f32,128,128,64,2,1,1,1,1,1,7,4,1,1,64,128,16,90,90,150994944,137455730688,910,0.218384,643.935,629422.0,4.066615027310949
1,CUTLASS,gemm,cutlass3x_sm90_tensorop_gemm_bf16_bf16_f32_void_bf16_128x128x64_1x2x1_0_ttt_align8_stream_k_warpspecialized_cooperative_epi_nosmem,passed,success,universal,8192,1024,8192,bf16:row,bf16:row,void:row,bf16:row,1,0,serial,1,1,heuristic,invalid,invalid,False,False,1,tensorop,f32,128,128,64,1,2,1,1,1,1,7,4,2,1,64,128,16,90,90,150994944,137455730688,910,0.218883,642.466,627987.0,4.05734367587393
1,CUTLASS,gemm,cutlass3x_sm90_tensorop_gemm_bf16_bf16_f32_bf16_bf16_64x256x64_2x1x1_0_ttt_align8_warpspecialized_pingpong_epi_nosmem,passed,success,universal,8192,1024,8192,bf16:row,bf16:row,bf16:row,bf16:row,1,0,serial,1,1,heuristic,invalid,invalid,False,False,1,tensorop,f32,64,256,64,2,1,1,1,1,1,5,4,1,1,64,256,16,90,90,167772160,137455730688,819,0.223459,699.233,615127.0,3.974256860905246
1,CUTLASS,gemm,cutlass3x_sm90_tensorop_gemm_bf16_bf16_f32_f32_f32_64x256x64_2x1x1_0_ttt_align8,passed,success,universal,8192,1024,8192,bf16:row,bf16:row,f32:row,f32:row,1,0,serial,1,1,heuristic,invalid,invalid,False,False,1,tensorop,f32,64,256,64,2,1,1,1,1,1,5,4,1,1,64,256,16,90,90,184549376,137455730688,744,0.224205,766.598,613081.0,3.961037916626403
1,CUTLASS,gemm,cutlass3x_sm90_tensorop_gemm_bf16_bf16_f32_f32_f32_64x256x64_2x1x1_0_ttt_align8_warpspecialized_pingpong_epi_nosmem,passed,success,universal,8192,1024,8192,bf16:row,bf16:row,f32:row,f32:row,1,0,serial,1,1,heuristic,invalid,invalid,False,False,1,tensorop,f32,64,256,64,2,1,1,1,1,1,5,4,1,1,64,256,16,90,90,184549376,137455730688,744,0.225203,763.2,610363.0,3.9434772663087605
1,CUTLASS,gemm,cutlass3x_sm90_tensorop_gemm_bf16_bf16_f32_void_f32_64x256x64_2x1x1_0_ttt_align8_warpspecialized_pingpong_epi_nosmem,passed,success,universal,8192,1024,8192,bf16:row,bf16:row,void:row,f32:row,1,0,serial,1,1,heuristic,invalid,invalid,False,False,1,tensorop,f32,64,256,64,2,1,1,1,1,1,5,4,1,1,64,256,16,90,90,150994944,137455730688,910,0.225216,624.401,610328.0,3.943251135785906
1,CUTLASS,gemm,cutlass3x_sm90_tensorop_gemm_bf16_bf16_f32_bf16_bf16_64x256x64_2x1x1_0_ttt_align8,passed,success,universal,8192,1024,8192,bf16:row,bf16:row,bf16:row,bf16:row,1,0,serial,1,1,heuristic,invalid,invalid,False,False,1,tensorop,f32,64,256,64,2,1,1,1,1,1,5,4,1,1,64,256,16,90,90,167772160,137455730688,819,0.225302,693.512,610094.0,3.9417392917188243
1,CUTLASS,gemm,cutlass3x_sm90_tensorop_gemm_bf16_bf16_f32_void_bf16_64x256x64_2x1x1_0_ttt_align8_warpspecialized_pingpong_epi_nosmem,passed,success,universal,8192,1024,8192,bf16:row,bf16:row,void:row,bf16:row,1,0,serial,1,1,heuristic,invalid,invalid,False,False,1,tensorop,f32,64,256,64,2,1,1,1,1,1,5,4,1,1,64,256,16,90,90,150994944,137455730688,910,0.225981,622.287,608263.0,3.929909434937514
1,CUTLASS,gemm,cutlass3x_sm90_tensorop_gemm_bf16_bf16_f32_bf16_bf16_128x128x64_1x2x1_0_ttt_align8_warpspecialized_epi_nosmem,passed,success,universal,8192,1024,8192,bf16:row,bf16:row,bf16:row,bf16:row,1,0,serial,1,1,heuristic,invalid,invalid,False,False,1,tensorop,f32,128,128,64,1,2,1,1,1,1,7,4,1,1,64,128,16,90,90,167772160,137455730688,819,0.227814,685.865,603367.0,3.898277005226264
1,CUTLASS,gemm,cutlass3x_sm90_tensorop_gemm_bf16_bf16_f32_bf16_bf16_64x256x64_1x2x1_0_ttt_align8_warpspecialized_epi_nosmem,passed,success,universal,8192,1024,8192,bf16:row,bf16:row,bf16:row,bf16:row,1,0,serial,1,1,heuristic,invalid,invalid,False,False,1,tensorop,f32,64,256,64,1,2,1,1,1,1,5,4,1,1,64,256,16,90,90,167772160,137455730688,819,0.229859,679.764,598000.0,3.863601504764605
1,CUTLASS,gemm,cutlass3x_sm90_tensorop_gemm_bf16_bf16_f32_void_f32_128x128x64_2x1x1_0_ttt_align8_warpspecialized_cooperative_epi_nosmem,passed,success,universal,8192,1024,8192,bf16:row,bf16:row,void:row,f32:row,1,0,serial,1,1,heuristic,invalid,invalid,False,False,1,tensorop,f32,128,128,64,2,1,1,1,1,1,7,4,2,1,64,128,16,90,90,150994944,137455730688,910,0.231949,606.276,592612.0,3.8287903259892344
1,CUTLASS,gemm,cutlass3x_sm90_tensorop_gemm_bf16_bf16_f32_f32_f32_128x128x64_2x1x1_0_ttt_align8_stream_k_warpspecialized_cooperative_epi_nosmem,passed,success,universal,8192,1024,8192,bf16:row,bf16:row,f32:row,f32:row,1,0,serial,1,1,heuristic,invalid,invalid,False,False,1,tensorop,f32,128,128,64,2,1,1,1,1,1,7,4,2,1,64,128,16,90,90,184549376,137455730688,744,0.231968,740.943,592563.0,3.8284737432572395
1,CUTLASS,gemm,cutlass3x_sm90_tensorop_gemm_bf16_bf16_f32_bf16_bf16_128x128x64_2x1x1_0_ttt_align8,passed,success,universal,8192,1024,8192,bf16:row,bf16:row,bf16:row,bf16:row,1,0,serial,1,1,heuristic,invalid,invalid,False,False,1,tensorop,f32,128,128,64,2,1,1,1,1,1,7,4,2,1,64,128,16,90,90,167772160,137455730688,819,0.23279,671.205,590470.0,3.814951137990563
1,CUTLASS,gemm,cutlass3x_sm90_tensorop_gemm_bf16_bf16_f32_f32_f32_128x128x64_1x2x1_0_ttt_align8_warpspecialized_epi_nosmem,passed,success,universal,8192,1024,8192,bf16:row,bf16:row,f32:row,f32:row,1,0,serial,1,1,heuristic,invalid,invalid,False,False,1,tensorop,f32,128,128,64,1,2,1,1,1,1,7,4,1,1,64,128,16,90,90,184549376,137455730688,744,0.233002,737.656,589935.0,3.8114945714269353
1,CUTLASS,gemm,cutlass3x_sm90_tensorop_gemm_bf16_bf16_f32_f32_f32_128x128x64_2x1x1_0_ttt_align8,passed,success,universal,8192,1024,8192,bf16:row,bf16:row,f32:row,f32:row,1,0,serial,1,1,heuristic,invalid,invalid,False,False,1,tensorop,f32,128,128,64,2,1,1,1,1,1,7,4,2,1,64,128,16,90,90,184549376,137455730688,744,0.233139,737.22,589587.0,3.809246187942557
1,CUTLASS,gemm,cutlass3x_sm90_tensorop_gemm_bf16_bf16_f32_f32_f32_64x256x64_2x1x1_0_ttt_align8_warpspecialized_pingpong_epi_tma,passed,success,universal,8192,1024,8192,bf16:row,bf16:row,f32:row,f32:row,1,0,serial,1,1,heuristic,invalid,invalid,False,False,1,tensorop,f32,64,256,64,2,1,1,1,1,1,4,4,1,1,64,256,16,90,90,184549376,137455730688,744,0.233408,736.372,588908.0,3.804859255799187
1,CUTLASS,gemm,cutlass3x_sm90_tensorop_gemm_bf16_bf16_f32_void_bf16_128x128x64_2x1x1_0_ttt_align8_warpspecialized_cooperative_epi_nosmem,passed,success,universal,8192,1024,8192,bf16:row,bf16:row,void:row,bf16:row,1,0,serial,1,1,heuristic,invalid,invalid,False,False,1,tensorop,f32,128,128,64,2,1,1,1,1,1,7,4,2,1,64,128,16,90,90,150994944,137455730688,910,0.233427,602.436,588859.0,3.8045426730671923
1,CUTLASS,gemm,cutlass3x_sm90_tensorop_gemm_bf16_bf16_f32_bf16_bf16_128x128x64_2x1x1_0_ttt_align8_warpspecialized_cooperative_epi_nosmem,passed,success,universal,8192,1024,8192,bf16:row,bf16:row,bf16:row,bf16:row,1,0,serial,1,1,heuristic,invalid,invalid,False,False,1,tensorop,f32,128,128,64,2,1,1,1,1,1,7,4,2,1,64,128,16,90,90,167772160,137455730688,819,0.234131,667.361,587088.0,3.7931004686107737
1,CUTLASS,gemm,cutlass3x_sm90_tensorop_gemm_bf16_bf16_f32_bf16_bf16_128x128x64_2x1x1_0_ttt_align8_stream_k_warpspecialized_cooperative_epi_nosmem,passed,success,universal,8192,1024,8192,bf16:row,bf16:row,bf16:row,bf16:row,1,0,serial,1,1,heuristic,invalid,invalid,False,False,1,tensorop,f32,128,128,64,2,1,1,1,1,1,7,4,2,1,64,128,16,90,90,167772160,137455730688,819,0.234435,666.495,586327.0,3.7881837449567173
1,CUTLASS,gemm,cutlass3x_sm90_tensorop_gemm_bf16_bf16_f32_void_f32_128x128x64_2x1x1_0_ttt_align8_stream_k_warpspecialized_cooperative_epi_nosmem,passed,success,universal,8192,1024,8192,bf16:row,bf16:row,void:row,f32:row,1,0,serial,1,1,heuristic,invalid,invalid,False,False,1,tensorop,f32,128,128,64,2,1,1,1,1,1,7,4,2,1,64,128,16,90,90,150994944,137455730688,910,0.237843,591.251,577926.0,3.733905958599647
1,CUTLASS,gemm,cutlass3x_sm90_tensorop_gemm_bf16_bf16_f32_f32_f32_128x128x64_2x1x1_0_ttt_align8_warpspecialized_cooperative_epi_nosmem,passed,success,universal,8192,1024,8192,bf16:row,bf16:row,f32:row,f32:row,1,0,serial,1,1,heuristic,invalid,invalid,False,False,1,tensorop,f32,128,128,64,2,1,1,1,1,1,7,4,2,1,64,128,16,90,90,184549376,137455730688,744,0.238454,720.788,576445.0,3.7243374070468773
1,CUTLASS,gemm,cutlass3x_sm90_tensorop_gemm_bf16_bf16_f32_void_bf16_128x128x64_2x1x1_0_ttt_align8_stream_k_warpspecialized_cooperative_epi_nosmem,passed,success,universal,8192,1024,8192,bf16:row,bf16:row,void:row,bf16:row,1,0,serial,1,1,heuristic,invalid,invalid,False,False,1,tensorop,f32,128,128,64,2,1,1,1,1,1,7,4,2,1,64,128,16,90,90,150994944,137455730688,910,0.240144,585.586,572389.0,3.6981321098841264
1,CUTLASS,gemm,cutlass3x_sm90_tensorop_gemm_bf16_bf16_f32_f32_f32_128x256x64_1x1x1_0_ttn_align4_stream_k_cpasync_warpspecialized_cooperative_epi_nosmem,passed,success,universal,8192,1024,8192,bf16:row,bf16:row,f32:column,f32:column,1,0,serial,1,1,heuristic,invalid,invalid,False,False,1,tensorop,f32,128,256,64,1,1,1,1,1,1,4,4,2,1,64,256,16,90,90,184549376,137455730688,744,0.242522,708.7,566777.0,3.6618736957624893
1,CUTLASS,gemm,cutlass3x_sm90_tensorop_gemm_bf16_bf16_f32_bf16_bf16_128x256x64_1x1x1_0_ttn_align4_stream_k_cpasync_warpspecialized_cooperative_epi_nosmem,passed,success,universal,8192,1024,8192,bf16:row,bf16:row,bf16:column,bf16:column,1,0,serial,1,1,heuristic,invalid,invalid,False,False,1,tensorop,f32,128,256,64,1,1,1,1,1,1,4,4,2,1,64,256,16,90,90,167772160,137455730688,819,0.247066,632.423,556353.0,3.594525565184453
1,CUTLASS,gemm,cutlass3x_sm90_tensorop_gemm_bf16_bf16_f32_bf16_bf16_64x256x64_2x1x1_0_ttt_align8_warpspecialized_epi_nosmem,passed,success,universal,8192,1024,8192,bf16:row,bf16:row,bf16:row,bf16:row,1,0,serial,1,1,heuristic,invalid,invalid,False,False,1,tensorop,f32,64,256,64,2,1,1,1,1,1,5,4,1,1,64,256,16,90,90,167772160,137455730688,819,0.248438,628.929,553279.0,3.5746648444057794
1,CUTLASS,gemm,cutlass3x_sm90_tensorop_gemm_bf16_bf16_f32_f32_f32_128x256x64_1x1x1_0_ttn_align4_cpasync_warpspecialized_cooperative_epi_nosmem,passed,success,universal,8192,1024,8192,bf16:row,bf16:row,f32:column,f32:column,1,0,serial,1,1,heuristic,invalid,invalid,False,False,1,tensorop,f32,128,256,64,1,1,1,1,1,1,4,4,2,1,64,256,16,90,90,184549376,137455730688,744,0.249869,687.861,550112.0,3.5542032625235227
1,CUTLASS,gemm,cutlass3x_sm90_tensorop_gemm_bf16_bf16_f32_f32_f32_64x256x64_1x2x1_0_ttt_align8_warpspecialized_epi_nosmem,passed,success,universal,8192,1024,8192,bf16:row,bf16:row,f32:row,f32:row,1,0,serial,1,1,heuristic,invalid,invalid,False,False,1,tensorop,f32,64,256,64,1,2,1,1,1,1,5,4,1,1,64,256,16,90,90,184549376,137455730688,744,0.252099,681.775,545245.0,3.5227581981026375
1,CUTLASS,gemm,cutlass3x_sm90_tensorop_gemm_bf16_bf16_f32_f32_f32_64x256x64_2x1x1_0_ttt_align8_warpspecialized_epi_nosmem,passed,success,universal,8192,1024,8192,bf16:row,bf16:row,f32:row,f32:row,1,0,serial,1,1,heuristic,invalid,invalid,False,False,1,tensorop,f32,64,256,64,2,1,1,1,1,1,5,4,1,1,64,256,16,90,90,184549376,137455730688,744,0.252352,681.092,544698.0,3.5192241010740317
1,CUTLASS,gemm,cutlass3x_sm90_tensorop_gemm_bf16_bf16_f32_bf16_bf16_128x256x64_1x1x1_0_ttn_align4_cpasync_warpspecialized_cooperative_epi_nosmem,passed,success,universal,8192,1024,8192,bf16:row,bf16:row,bf16:column,bf16:column,1,0,serial,1,1,heuristic,invalid,invalid,False,False,1,tensorop,f32,128,256,64,1,1,1,1,1,1,4,4,2,1,64,256,16,90,90,167772160,137455730688,819,0.253629,616.058,541956.0,3.501508389826432
1,CUTLASS,gemm,cutlass3x_sm90_tensorop_gemm_bf16_bf16_f32_void_bf16_64x256x64_1x2x1_0_ttt_align8_warpspecialized_pingpong_epi_nosmem,passed,success,universal,8192,1024,8192,bf16:row,bf16:row,void:row,bf16:row,1,0,serial,1,1,heuristic,invalid,invalid,False,False,1,tensorop,f32,64,256,64,1,2,1,1,1,1,5,4,1,1,64,256,16,90,90,150994944,137455730688,910,0.257379,546.373,534059.0,3.450486882998462
1,CUTLASS,gemm,cutlass3x_sm90_tensorop_gemm_bf16_bf16_f32_f32_f32_64x256x64_1x2x1_0_ttt_align8,passed,success,universal,8192,1024,8192,bf16:row,bf16:row,f32:row,f32:row,1,0,serial,1,1,heuristic,invalid,invalid,False,False,1,tensorop,f32,64,256,64,1,2,1,1,1,1,5,4,1,1,64,256,16,90,90,184549376,137455730688,744,0.260442,659.937,527779.0,3.4099126063263516
1,CUTLASS,gemm,cutlass3x_sm90_tensorop_gemm_bf16_bf16_f32_bf16_bf16_64x256x64_1x2x1_0_ttt_align8_warpspecialized_pingpong_epi_nosmem,passed,success,universal,8192,1024,8192,bf16:row,bf16:row,bf16:row,bf16:row,1,0,serial,1,1,heuristic,invalid,invalid,False,False,1,tensorop,f32,64,256,64,1,2,1,1,1,1,5,4,1,1,64,256,16,90,90,167772160,137455730688,819,0.262483,595.276,523674.0,3.383390726431605
1,CUTLASS,gemm,cutlass3x_sm90_tensorop_gemm_bf16_bf16_f32_void_f32_64x256x64_1x2x1_0_ttt_align8_warpspecialized_pingpong_epi_nosmem,passed,success,universal,8192,1024,8192,bf16:row,bf16:row,void:row,f32:row,1,0,serial,1,1,heuristic,invalid,invalid,False,False,1,tensorop,f32,64,256,64,1,2,1,1,1,1,5,4,1,1,64,256,16,90,90,150994944,137455730688,910,0.263421,533.842,521810.0,3.3713476608716033
1,CUTLASS,gemm,cutlass3x_sm90_tensorop_gemm_bf16_bf16_f32_bf16_bf16_64x256x64_1x2x1_0_ttt_align8,passed,success,universal,8192,1024,8192,bf16:row,bf16:row,bf16:row,bf16:row,1,0,serial,1,1,heuristic,invalid,invalid,False,False,1,tensorop,f32,64,256,64,1,2,1,1,1,1,5,4,1,1,64,256,16,90,90,167772160,137455730688,819,0.263558,592.848,521538.0,3.369590303665423
1,CUTLASS,gemm,cutlass3x_sm90_tensorop_gemm_bf16_bf16_f32_f32_f32_64x256x64_1x2x1_0_ttt_align8_warpspecialized_pingpong_epi_nosmem,passed,success,universal,8192,1024,8192,bf16:row,bf16:row,f32:row,f32:row,1,0,serial,1,1,heuristic,invalid,invalid,False,False,1,tensorop,f32,64,256,64,1,2,1,1,1,1,5,4,1,1,64,256,16,90,90,184549376,137455730688,744,0.266349,645.3,516074.0,3.334288098611854
1,CUTLASS,gemm,cutlass3x_sm90_tensorop_gemm_bf16_bf16_f32_bf16_bf16_128x128x64_2x1x1_0_ttt_align8_warpspecialized_epi_nosmem,passed,success,universal,8192,1024,8192,bf16:row,bf16:row,bf16:row,bf16:row,1,0,serial,1,1,heuristic,invalid,invalid,False,False,1,tensorop,f32,128,128,64,2,1,1,1,1,1,7,4,1,1,64,128,16,90,90,167772160,137455730688,819,0.278784,560.47,493055.0,3.185565284166743
1,CUTLASS,gemm,cutlass3x_sm90_tensorop_gemm_bf16_bf16_f32_f32_f32_128x128x64_2x1x1_0_ttt_align8_warpspecialized_epi_nosmem,passed,success,universal,8192,1024,8192,bf16:row,bf16:row,f32:row,f32:row,1,0,serial,1,1,heuristic,invalid,invalid,False,False,1,tensorop,f32,128,128,64,2,1,1,1,1,1,7,4,1,1,64,128,16,90,90,184549376,137455730688,744,0.286938,598.998,479044.0,3.0950420054321994
1,CUTLASS,gemm,cutlass3x_sm90_tensorop_gemm_bf16_bf16_f32_f32_f32_128x128x64_1x1x1_0_ttn_align4_cpasync_warpspecialized_cooperative_epi_nosmem,passed,success,universal,8192,1024,8192,bf16:row,bf16:row,f32:column,f32:column,1,0,serial,1,1,heuristic,invalid,invalid,False,False,1,tensorop,f32,128,128,64,1,1,1,1,1,1,7,4,2,1,64,128,16,90,90,184549376,137455730688,744,0.320208,536.76,429270.0,2.773458558445321
1,CUTLASS,gemm,cutlass3x_sm90_tensorop_gemm_bf16_bf16_f32_bf16_bf16_128x128x64_1x1x1_0_ttn_align4_cpasync_warpspecialized_cooperative_epi_nosmem,passed,success,universal,8192,1024,8192,bf16:row,bf16:row,bf16:column,bf16:column,1,0,serial,1,1,heuristic,invalid,invalid,False,False,1,tensorop,f32,128,128,64,1,1,1,1,1,1,7,4,2,1,64,128,16,90,90,167772160,137455730688,819,0.323766,482.601,424552.0,2.742976163964587
1,CUTLASS,gemm,cutlass3x_sm90_tensorop_gemm_bf16_bf16_f32_f32_f32_128x128x64_1x1x1_0_ttn_align4_stream_k_cpasync_warpspecialized_cooperative_epi_nosmem,passed,success,universal,8192,1024,8192,bf16:row,bf16:row,f32:column,f32:column,1,0,serial,1,1,heuristic,invalid,invalid,False,False,1,tensorop,f32,128,128,64,1,1,1,1,1,1,7,4,2,1,64,128,16,90,90,184549376,137455730688,744,0.326445,526.506,421069.0,2.720472946504561
1,CUTLASS,gemm,cutlass3x_sm90_tensorop_gemm_bf16_bf16_f32_bf16_bf16_128x128x64_1x1x1_0_ttn_align4_stream_k_cpasync_warpspecialized_cooperative_epi_nosmem,passed,success,universal,8192,1024,8192,bf16:row,bf16:row,bf16:column,bf16:column,1,0,serial,1,1,heuristic,invalid,invalid,False,False,1,tensorop,f32,128,128,64,1,1,1,1,1,1,7,4,2,1,64,128,16,90,90,167772160,137455730688,819,0.326752,478.191,420673.0,2.7179144411602683
1,CUTLASS,gemm,cutlass3x_sm90_tensorop_gemm_bf16_bf16_f32_bf16_bf16_128x128x64_1x1x1_0_ttn_align4_cpasync_warpspecialized_epi_nosmem,passed,success,universal,8192,1024,8192,bf16:row,bf16:row,bf16:column,bf16:column,1,0,serial,1,1,heuristic,invalid,invalid,False,False,1,tensorop,f32,128,128,64,1,1,1,1,1,1,7,4,1,1,64,128,16,90,90,167772160,137455730688,819,0.355245,439.838,386932.0,2.4999181562568187
1,CUTLASS,gemm,cutlass3x_sm90_tensorop_gemm_bf16_bf16_f32_f32_f32_128x128x64_1x1x1_0_ttn_align4_cpasync_warpspecialized_epi_nosmem,passed,success,universal,8192,1024,8192,bf16:row,bf16:row,f32:column,f32:column,1,0,serial,1,1,heuristic,invalid,invalid,False,False,1,tensorop,f32,128,128,64,1,1,1,1,1,1,7,4,1,1,64,128,16,90,90,184549376,137455730688,744,0.360272,477.07,381533.0,2.4650359078885518
1,CUTLASS,gemm,cutlass3x_sm90_tensorop_gemm_bf16_bf16_f32_bf16_bf16_128x128x64_1x1x1_0_ttn_align2_cpasync_warpspecialized_epi_nosmem,passed,success,universal,8192,1024,8192,bf16:row,bf16:row,bf16:column,bf16:column,1,0,serial,1,1,heuristic,invalid,invalid,False,False,1,tensorop,f32,128,128,64,1,1,1,1,1,1,7,4,1,1,64,128,16,90,90,167772160,137455730688,819,0.39945,391.163,344113.0,2.223270074597094
1,CUTLASS,gemm,cutlass3x_sm90_tensorop_gemm_bf16_bf16_f32_f32_f32_128x128x64_1x1x1_0_ttn_align2_cpasync_warpspecialized_epi_nosmem,passed,success,universal,8192,1024,8192,bf16:row,bf16:row,f32:column,f32:column,1,0,serial,1,1,heuristic,invalid,invalid,False,False,1,tensorop,f32,128,128,64,1,1,1,1,1,1,7,4,1,1,64,128,16,90,90,184549376,137455730688,744,0.40377,425.676,340431.0,2.199481143592841
1,CUTLASS,gemm,cutlass3x_sm90_tensorop_gemm_bf16_bf16_f32_f32_f32_128x256x64_1x1x1_0_ttn_align2_cpasync_warpspecialized_cooperative_epi_nosmem,passed,success,universal,8192,1024,8192,bf16:row,bf16:row,f32:column,f32:column,1,0,serial,1,1,heuristic,invalid,invalid,False,False,1,tensorop,f32,128,256,64,1,1,1,1,1,1,4,4,2,1,64,256,16,90,90,184549376,137455730688,744,0.415382,413.775,330914.0,2.1379930239927667
1,CUTLASS,gemm,cutlass3x_sm90_tensorop_gemm_bf16_bf16_f32_bf16_bf16_128x256x64_1x1x1_0_ttn_align2_cpasync_warpspecialized_cooperative_epi_nosmem,passed,success,universal,8192,1024,8192,bf16:row,bf16:row,bf16:column,bf16:column,1,0,serial,1,1,heuristic,invalid,invalid,False,False,1,tensorop,f32,128,256,64,1,1,1,1,1,1,4,4,2,1,64,256,16,90,90,167772160,137455730688,819,0.419635,372.347,327560.0,2.1163232590312604
1,CUTLASS,gemm,cutlass3x_sm90_tensorop_gemm_bf16_bf16_f32_bf16_bf16_128x256x64_1x1x1_0_ttn_align2_stream_k_cpasync_warpspecialized_cooperative_epi_nosmem,passed,success,universal,8192,1024,8192,bf16:row,bf16:row,bf16:column,bf16:column,1,0,serial,1,1,heuristic,invalid,invalid,False,False,1,tensorop,f32,128,256,64,1,1,1,1,1,1,4,4,2,1,64,256,16,90,90,167772160,137455730688,819,0.430701,362.781,319144.0,2.0619485595929685
1,CUTLASS,gemm,cutlass3x_sm90_tensorop_gemm_bf16_bf16_f32_f32_f32_128x256x64_1x1x1_0_ttn_align2_stream_k_cpasync_warpspecialized_cooperative_epi_nosmem,passed,success,universal,8192,1024,8192,bf16:row,bf16:row,f32:column,f32:column,1,0,serial,1,1,heuristic,invalid,invalid,False,False,1,tensorop,f32,128,256,64,1,1,1,1,1,1,4,4,2,1,64,256,16,90,90,184549376,137455730688,744,0.43385,396.163,316828.0,2.0469851798521073
1,CUTLASS,gemm,cutlass3x_sm90_tensorop_gemm_bf16_bf16_f32_f32_f32_128x128x64_1x1x1_0_ttn_align2_stream_k_cpasync_warpspecialized_cooperative_epi_nosmem,passed,success,universal,8192,1024,8192,bf16:row,bf16:row,f32:column,f32:column,1,0,serial,1,1,heuristic,invalid,invalid,False,False,1,tensorop,f32,128,128,64,1,1,1,1,1,1,7,4,2,1,64,128,16,90,90,184549376,137455730688,744,0.48215,356.476,285089.0,1.8419235608559141
1,CUTLASS,gemm,cutlass3x_sm90_tensorop_gemm_bf16_bf16_f32_bf16_bf16_128x128x64_1x1x1_0_ttn_align2_stream_k_cpasync_warpspecialized_cooperative_epi_nosmem,passed,success,universal,8192,1024,8192,bf16:row,bf16:row,bf16:column,bf16:column,1,0,serial,1,1,heuristic,invalid,invalid,False,False,1,tensorop,f32,128,128,64,1,1,1,1,1,1,7,4,2,1,64,128,16,90,90,167772160,137455730688,819,0.487443,320.55,281993.0,1.8219207008914469
1,CUTLASS,gemm,cutlass3x_sm90_tensorop_gemm_bf16_bf16_f32_f32_f32_128x128x64_1x1x1_0_ttn_align2_cpasync_warpspecialized_cooperative_epi_nosmem,passed,success,universal,8192,1024,8192,bf16:row,bf16:row,f32:column,f32:column,1,0,serial,1,1,heuristic,invalid,invalid,False,False,1,tensorop,f32,128,128,64,1,1,1,1,1,1,7,4,2,1,64,128,16,90,90,184549376,137455730688,744,0.498122,345.046,275948.0,1.7828647291585
1,CUTLASS,gemm,cutlass3x_sm90_tensorop_gemm_bf16_bf16_f32_bf16_bf16_128x128x64_1x1x1_0_ttn_align2_cpasync_warpspecialized_cooperative_epi_nosmem,passed,success,universal,8192,1024,8192,bf16:row,bf16:row,bf16:column,bf16:column,1,0,serial,1,1,heuristic,invalid,invalid,False,False,1,tensorop,f32,128,128,64,1,1,1,1,1,1,7,4,2,1,64,128,16,90,90,167772160,137455730688,819,0.502995,310.639,273274.0,1.765588357212446
1,CUTLASS,gemm,cutlass3x_sm90_tensorop_gemm_bf16_bf16_f32_f32_f32_256x128x64_1x2x1_0_ttt_align8_warpspecialized_epi_nosmem,passed,success,universal,8192,1024,8192,bf16:row,bf16:row,f32:row,f32:row,1,0,serial,1,1,heuristic,invalid,invalid,False,False,1,tensorop,f32,256,128,64,1,2,1,1,1,1,4,4,1,1,64,128,16,90,90,184549376,137455730688,744,1.6987,101.18,80918.3,0.5228027853561764
1,CUTLASS,gemm,cutlass3x_sm90_tensorop_gemm_bf16_bf16_f32_bf16_bf16_256x128x64_1x2x1_0_ttt_align8_warpspecialized_epi_nosmem,passed,success,universal,8192,1024,8192,bf16:row,bf16:row,bf16:row,bf16:row,1,0,serial,1,1,heuristic,invalid,invalid,False,False,1,tensorop,f32,256,128,64,1,2,1,1,1,1,4,4,1,1,64,128,16,90,90,167772160,137455730688,819,1.71488,91.1144,80154.9,0.5178705556091239
1,CUTLASS,gemm,cutlass3x_sm90_tensorop_gemm_bf16_bf16_f32_f32_f32_256x128x64_2x1x1_0_ttt_align8_warpspecialized_epi_nosmem,passed,success,universal,8192,1024,8192,bf16:row,bf16:row,f32:row,f32:row,1,0,serial,1,1,heuristic,invalid,invalid,False,False,1,tensorop,f32,256,128,64,2,1,1,1,1,1,4,4,1,1,64,128,16,90,90,184549376,137455730688,744,1.71681,100.113,80064.5,0.5172864927729525
1,CUTLASS,gemm,cutlass3x_sm90_tensorop_gemm_bf16_bf16_f32_bf16_bf16_256x128x64_2x1x1_0_ttt_align8_warpspecialized_epi_nosmem,passed,success,universal,8192,1024,8192,bf16:row,bf16:row,bf16:row,bf16:row,1,0,serial,1,1,heuristic,invalid,invalid,False,False,1,tensorop,f32,256,128,64,2,1,1,1,1,1,4,4,1,1,64,128,16,90,90,167772160,137455730688,819,1.7234,90.6637,79758.4,0.515308819828791
1,CUTLASS,gemm,cutlass3x_sm90_tensorop_gemm_bf16_bf16_f32_bf16_bf16_256x128x64_2x1x1_0_ttt_align8_warpspecialized_pingpong_epi_nosmem,passed,success,universal,8192,1024,8192,bf16:row,bf16:row,bf16:row,bf16:row,1,0,serial,1,1,heuristic,invalid,invalid,False,False,1,tensorop,f32,256,128,64,2,1,1,1,1,1,4,4,1,1,64,128,16,90,90,167772160,137455730688,819,2.01996,77.3528,68048.6,0.4396532999283018
1,CUTLASS,gemm,cutlass3x_sm90_tensorop_gemm_bf16_bf16_f32_void_f32_256x128x64_2x1x1_0_ttt_align8_warpspecialized_pingpong_epi_nosmem,passed,success,universal,8192,1024,8192,bf16:row,bf16:row,void:row,f32:row,1,0,serial,1,1,heuristic,invalid,invalid,False,False,1,tensorop,f32,256,128,64,2,1,1,1,1,1,4,4,1,1,64,128,16,90,90,150994944,137455730688,910,2.02158,69.5619,67994.2,0.43930182848706595
1,CUTLASS,gemm,cutlass3x_sm90_tensorop_gemm_bf16_bf16_f32_void_bf16_256x128x64_2x1x1_0_ttt_align8_warpspecialized_pingpong_epi_nosmem,passed,success,universal,8192,1024,8192,bf16:row,bf16:row,void:row,bf16:row,1,0,serial,1,1,heuristic,invalid,invalid,False,False,1,tensorop,f32,256,128,64,2,1,1,1,1,1,4,4,1,1,64,128,16,90,90,150994944,137455730688,910,2.03018,69.2672,67706.1,0.4374404512403723
1,CUTLASS,gemm,cutlass3x_sm90_tensorop_gemm_bf16_bf16_f32_bf16_bf16_256x128x64_1x2x1_0_ttt_align8_warpspecialized_pingpong_epi_nosmem,passed,success,universal,8192,1024,8192,bf16:row,bf16:row,bf16:row,bf16:row,1,0,serial,1,1,heuristic,invalid,invalid,False,False,1,tensorop,f32,256,128,64,1,2,1,1,1,1,4,4,1,1,64,128,16,90,90,167772160,137455730688,819,2.03694,76.7083,67481.6,0.43598998545806494
1,CUTLASS,gemm,cutlass3x_sm90_tensorop_gemm_bf16_bf16_f32_void_f32_256x128x64_1x2x1_0_ttt_align8_warpspecialized_pingpong_epi_nosmem,passed,success,universal,8192,1024,8192,bf16:row,bf16:row,void:row,f32:row,1,0,serial,1,1,heuristic,invalid,invalid,False,False,1,tensorop,f32,256,128,64,1,2,1,1,1,1,4,4,1,1,64,128,16,90,90,150994944,137455730688,910,2.04037,68.9214,67368.1,0.4352566764768096
1,CUTLASS,gemm,cutlass3x_sm90_tensorop_gemm_bf16_bf16_f32_void_bf16_256x128x64_1x2x1_0_ttt_align8_warpspecialized_pingpong_epi_nosmem,passed,success,universal,8192,1024,8192,bf16:row,bf16:row,void:row,bf16:row,1,0,serial,1,1,heuristic,invalid,invalid,False,False,1,tensorop,f32,256,128,64,1,2,1,1,1,1,4,4,1,1,64,128,16,90,90,150994944,137455730688,910,2.04801,68.6642,67116.7,0.43363241323550705
1,CUTLASS,gemm,cutlass3x_sm90_tensorop_gemm_bf16_bf16_f32_f32_f32_256x128x64_1x2x1_0_ttt_align8_warpspecialized_pingpong_epi_nosmem,passed,success,universal,8192,1024,8192,bf16:row,bf16:row,f32:row,f32:row,1,0,serial,1,1,heuristic,invalid,invalid,False,False,1,tensorop,f32,256,128,64,1,2,1,1,1,1,4,4,1,1,64,128,16,90,90,184549376,137455730688,744,2.0778,82.7199,66154.6,0.42741640820585336
1,CUTLASS,gemm,cutlass3x_sm90_tensorop_gemm_bf16_bf16_f32_f32_f32_256x128x64_2x1x1_0_ttt_align8_warpspecialized_pingpong_epi_nosmem,passed,success,universal,8192,1024,8192,bf16:row,bf16:row,f32:row,f32:row,1,0,serial,1,1,heuristic,invalid,invalid,False,False,1,tensorop,f32,256,128,64,2,1,1,1,1,1,4,4,1,1,64,128,16,90,90,184549376,137455730688,744,2.11909,81.1078,64865.3,0.4190864058311158
1,CUTLASS,gemm,cutlass3x_sm90_tensorop_gemm_bf16_bf16_f32_void_bf16_256x128x64_1x2x1_0_ttt_align8_warpspecialized_pingpong_epi_tma,passed,success,universal,8192,1024,8192,bf16:row,bf16:row,void:row,bf16:row,1,0,serial,1,1,heuristic,invalid,invalid,False,False,1,tensorop,f32,256,128,64,1,2,1,1,1,1,4,4,1,1,64,128,16,90,90,150994944,137455730688,910,2.17955,64.5203,63066.2,0.4074626508692061
1,CUTLASS,gemm,cutlass3x_sm90_tensorop_gemm_bf16_bf16_f32_void_bf16_256x128x64_2x1x1_0_ttt_align8_warpspecialized_pingpong_epi_tma,passed,success,universal,8192,1024,8192,bf16:row,bf16:row,void:row,bf16:row,1,0,serial,1,1,heuristic,invalid,invalid,False,False,1,tensorop,f32,256,128,64,2,1,1,1,1,1,4,4,1,1,64,128,16,90,90,150994944,137455730688,910,2.19001,64.2121,62765.0,0.40551663619824446
1,CUTLASS,gemm,cutlass3x_sm90_tensorop_gemm_bf16_bf16_f32_void_f32_256x128x64_2x1x1_0_ttt_align8_warpspecialized_pingpong_epi_tma,passed,success,universal,8192,1024,8192,bf16:row,bf16:row,void:row,f32:row,1,0,serial,1,1,heuristic,invalid,invalid,False,False,1,tensorop,f32,256,128,64,2,1,1,1,1,1,4,4,1,1,64,128,16,90,90,150994944,137455730688,910,2.19077,64.1896,62743.0,0.40537449701245015
1,CUTLASS,gemm,cutlass3x_sm90_tensorop_gemm_bf16_bf16_f32_void_f32_256x128x64_1x2x1_0_ttt_align8_warpspecialized_pingpong_epi_tma,passed,success,universal,8192,1024,8192,bf16:row,bf16:row,void:row,f32:row,1,0,serial,1,1,heuristic,invalid,invalid,False,False,1,tensorop,f32,256,128,64,1,2,1,1,1,1,4,4,1,1,64,128,16,90,90,150994944,137455730688,910,2.19252,64.1384,62692.9,0.4050508073211653
1,CUTLASS,gemm,cutlass3x_sm90_tensorop_gemm_bf16_bf16_f32_bf16_bf16_256x128x64_2x1x1_0_ttt_align8_warpspecialized_pingpong_epi_tma,passed,success,universal,8192,1024,8192,bf16:row,bf16:row,bf16:row,bf16:row,1,0,serial,1,1,heuristic,invalid,invalid,False,False,1,tensorop,f32,256,128,64,2,1,1,1,1,1,4,4,1,1,64,128,16,90,90,167772160,137455730688,819,2.22177,70.3268,61867.7,0.3997192956794717
1,CUTLASS,gemm,cutlass3x_sm90_tensorop_gemm_bf16_bf16_f32_bf16_bf16_256x128x64_1x2x1_0_ttt_align8_warpspecialized_pingpong_epi_tma,passed,success,universal,8192,1024,8192,bf16:row,bf16:row,bf16:row,bf16:row,1,0,serial,1,1,heuristic,invalid,invalid,False,False,1,tensorop,f32,256,128,64,1,2,1,1,1,1,4,4,1,1,64,128,16,90,90,167772160,137455730688,819,2.24204,69.6908,61308.2,0.39610443774984627
1,CUTLASS,gemm,cutlass3x_sm90_tensorop_gemm_bf16_bf16_f32_f32_f32_128x256x64_1x2x1_0_ttt_align8_warpspecialized_epi_nosmem,passed,success,universal,8192,1024,8192,bf16:row,bf16:row,f32:row,f32:row,1,0,serial,1,1,heuristic,invalid,invalid,False,False,1,tensorop,f32,128,256,64,1,2,1,1,1,1,4,4,1,1,64,256,16,90,90,184549376,137455730688,744,3.01088,57.0846,45653.0,0.2949581931388268
1,CUTLASS,gemm,cutlass3x_sm90_tensorop_gemm_bf16_bf16_f32_bf16_bf16_128x256x64_1x2x1_0_ttt_align8_warpspecialized_epi_nosmem,passed,success,universal,8192,1024,8192,bf16:row,bf16:row,bf16:row,bf16:row,1,0,serial,1,1,heuristic,invalid,invalid,False,False,1,tensorop,f32,128,256,64,1,2,1,1,1,1,4,4,1,1,64,256,16,90,90,167772160,137455730688,819,3.02524,51.6488,45436.3,0.2935581221587558
1,CUTLASS,gemm,cutlass3x_sm90_tensorop_gemm_bf16_bf16_f32_f32_f32_128x256x64_2x1x1_0_ttt_align8_warpspecialized_epi_nosmem,passed,success,universal,8192,1024,8192,bf16:row,bf16:row,f32:row,f32:row,1,0,serial,1,1,heuristic,invalid,invalid,False,False,1,tensorop,f32,128,256,64,2,1,1,1,1,1,4,4,1,1,64,256,16,90,90,184549376,137455730688,744,3.02628,56.7941,45420.6,0.2934566864670748
1,CUTLASS,gemm,cutlass3x_sm90_tensorop_gemm_bf16_bf16_f32_bf16_bf16_128x256x64_2x1x1_0_ttt_align8_warpspecialized_epi_nosmem,passed,success,universal,8192,1024,8192,bf16:row,bf16:row,bf16:row,bf16:row,1,0,serial,1,1,heuristic,invalid,invalid,False,False,1,tensorop,f32,128,256,64,2,1,1,1,1,1,4,4,1,1,64,256,16,90,90,167772160,137455730688,819,3.03721,51.4452,45257.2,0.2924009799689504
1,CUTLASS,gemm,cutlass3x_sm90_tensorop_gemm_bf16_bf16_f32_void_bf16_128x256x64_2x1x1_0_ttt_align8_warpspecialized_pingpong_epi_nosmem,passed,success,universal,8192,1024,8192,bf16:row,bf16:row,void:row,bf16:row,1,0,serial,1,1,heuristic,invalid,invalid,False,False,1,tensorop,f32,128,256,64,2,1,1,1,1,1,4,4,1,1,64,256,16,90,90,150994944,137455730688,910,3.35657,41.8955,40951.3,0.2645811108730207
1,CUTLASS,gemm,cutlass3x_sm90_tensorop_gemm_bf16_bf16_f32_bf16_bf16_128x256x64_1x2x1_0_ttt_align8_warpspecialized_pingpong_epi_nosmem,passed,success,universal,8192,1024,8192,bf16:row,bf16:row,bf16:row,bf16:row,1,0,serial,1,1,heuristic,invalid,invalid,False,False,1,tensorop,f32,128,256,64,1,2,1,1,1,1,4,4,1,1,64,256,16,90,90,167772160,137455730688,819,3.3976,45.9883,40456.7,0.2613855635414866
1,CUTLASS,gemm,cutlass3x_sm90_tensorop_gemm_bf16_bf16_f32_f32_f32_128x256x64_1x2x1_0_ttt_align8_warpspecialized_pingpong_epi_nosmem,passed,success,universal,8192,1024,8192,bf16:row,bf16:row,f32:row,f32:row,1,0,serial,1,1,heuristic,invalid,invalid,False,False,1,tensorop,f32,128,256,64,1,2,1,1,1,1,4,4,1,1,64,256,16,90,90,184549376,137455730688,744,3.39997,50.5519,40428.5,0.2612033669487887
1,CUTLASS,gemm,cutlass3x_sm90_tensorop_gemm_bf16_bf16_f32_void_f32_128x256x64_1x2x1_0_ttt_align8_warpspecialized_pingpong_epi_nosmem,passed,success,universal,8192,1024,8192,bf16:row,bf16:row,void:row,f32:row,1,0,serial,1,1,heuristic,invalid,invalid,False,False,1,tensorop,f32,128,256,64,1,2,1,1,1,1,4,4,1,1,64,256,16,90,90,150994944,137455730688,910,3.41214,41.2131,40284.3,0.26027170919462994
1,CUTLASS,gemm,cutlass3x_sm90_tensorop_gemm_bf16_bf16_f32_void_bf16_128x256x64_1x2x1_0_ttt_align8_warpspecialized_pingpong_epi_nosmem,passed,success,universal,8192,1024,8192,bf16:row,bf16:row,void:row,bf16:row,1,0,serial,1,1,heuristic,invalid,invalid,False,False,1,tensorop,f32,128,256,64,1,2,1,1,1,1,4,4,1,1,64,256,16,90,90,150994944,137455730688,910,3.42555,41.0519,40126.7,0.2592534757545761
1,CUTLASS,gemm,cutlass3x_sm90_tensorop_gemm_bf16_bf16_f32_void_f32_128x256x64_2x1x1_0_ttt_align8_warpspecialized_pingpong_epi_nosmem,passed,success,universal,8192,1024,8192,bf16:row,bf16:row,void:row,f32:row,1,0,serial,1,1,heuristic,invalid,invalid,False,False,1,tensorop,f32,128,256,64,2,1,1,1,1,1,4,4,1,1,64,256,16,90,90,150994944,137455730688,910,3.42954,41.004,40079.9,0.2589511069411618
1,CUTLASS,gemm,cutlass3x_sm90_tensorop_gemm_bf16_bf16_f32_f32_f32_128x256x64_2x1x1_0_ttt_align8_warpspecialized_pingpong_epi_nosmem,passed,success,universal,8192,1024,8192,bf16:row,bf16:row,f32:row,f32:row,1,0,serial,1,1,heuristic,invalid,invalid,False,False,1,tensorop,f32,128,256,64,2,1,1,1,1,1,4,4,1,1,64,256,16,90,90,184549376,137455730688,744,3.43182,50.0827,40053.3,0.2587792477437927
1,CUTLASS,gemm,cutlass3x_sm90_tensorop_gemm_bf16_bf16_f32_bf16_bf16_128x256x64_2x1x1_0_ttt_align8_warpspecialized_pingpong_epi_nosmem,passed,success,universal,8192,1024,8192,bf16:row,bf16:row,bf16:row,bf16:row,1,0,serial,1,1,heuristic,invalid,invalid,False,False,1,tensorop,f32,128,256,64,2,1,1,1,1,1,4,4,1,1,64,256,16,90,90,167772160,137455730688,819,3.45299,45.2506,39807.7,0.25719245756056497
1,CUTLASS,gemm,cutlass3x_sm90_tensorop_gemm_bf16_bf16_f32_void_bf16_128x256x64_1x2x1_0_ttt_align8_warpspecialized_pingpong_epi_tma,passed,success,universal,8192,1024,8192,bf16:row,bf16:row,void:row,bf16:row,1,0,serial,1,1,heuristic,invalid,invalid,False,False,1,tensorop,f32,128,256,64,1,2,1,1,1,1,4,4,1,1,64,256,16,90,90,150994944,137455730688,910,3.49447,40.2422,39335.2,0.25413969550203264
1,CUTLASS,gemm,cutlass3x_sm90_tensorop_gemm_bf16_bf16_f32_void_f32_128x256x64_1x2x1_0_ttt_align8_warpspecialized_pingpong_epi_tma,passed,success,universal,8192,1024,8192,bf16:row,bf16:row,void:row,f32:row,1,0,serial,1,1,heuristic,invalid,invalid,False,False,1,tensorop,f32,128,256,64,1,2,1,1,1,1,4,4,1,1,64,256,16,90,90,150994944,137455730688,910,3.49551,40.2301,39323.5,0.25406410329867996
1,CUTLASS,gemm,cutlass3x_sm90_tensorop_gemm_bf16_bf16_f32_void_f32_128x256x64_2x1x1_0_ttt_align8_warpspecialized_pingpong_epi_tma,passed,success,universal,8192,1024,8192,bf16:row,bf16:row,void:row,f32:row,1,0,serial,1,1,heuristic,invalid,invalid,False,False,1,tensorop,f32,128,256,64,2,1,1,1,1,1,4,4,1,1,64,256,16,90,90,150994944,137455730688,910,3.50537,40.117,39212.9,0.25334953084646084
1,CUTLASS,gemm,cutlass3x_sm90_tensorop_gemm_bf16_bf16_f32_void_bf16_128x256x64_2x1x1_0_ttt_align8_warpspecialized_pingpong_epi_tma,passed,success,universal,8192,1024,8192,bf16:row,bf16:row,void:row,bf16:row,1,0,serial,1,1,heuristic,invalid,invalid,False,False,1,tensorop,f32,128,256,64,2,1,1,1,1,1,4,4,1,1,64,256,16,90,90,150994944,137455730688,910,3.5215,39.9332,39033.2,0.2521885121334055
1,CUTLASS,gemm,cutlass3x_sm90_tensorop_gemm_bf16_bf16_f32_bf16_bf16_128x256x64_1x2x1_0_ttt_align8_warpspecialized_pingpong_epi_tma,passed,success,universal,8192,1024,8192,bf16:row,bf16:row,bf16:row,bf16:row,1,0,serial,1,1,heuristic,invalid,invalid,False,False,1,tensorop,f32,128,256,64,1,2,1,1,1,1,4,4,1,1,64,256,16,90,90,167772160,137455730688,819,3.56675,43.8074,38538.1,0.2489897343658337
1,CUTLASS,gemm,cutlass3x_sm90_tensorop_gemm_bf16_bf16_f32_bf16_bf16_128x256x64_2x1x1_0_ttt_align8_warpspecialized_pingpong_epi_tma,passed,success,universal,8192,1024,8192,bf16:row,bf16:row,bf16:row,bf16:row,1,0,serial,1,1,heuristic,invalid,invalid,False,False,1,tensorop,f32,128,256,64,2,1,1,1,1,1,4,4,1,1,64,256,16,90,90,167772160,137455730688,819,3.57867,43.6614,38409.7,0.24816015839056146
1,CUTLASS,gemm,cutlass3x_sm90_tensorop_gemm_bf16_bf16_f32_f32_f32_256x256x64_2x1x1_0_ttt_align8,passed,success,universal,8192,1024,8192,bf16:row,bf16:row,f32:row,f32:row,1,0,serial,1,1,heuristic,invalid,invalid,False,False,1,tensorop,f32,256,256,64,2,1,1,1,1,1,3,4,2,1,64,256,16,90,90,184549376,137455730688,744,3.83748,44.7886,35819.3,0.231423915350526
1,CUTLASS,gemm,cutlass3x_sm90_tensorop_gemm_bf16_bf16_f32_void_bf16_256x256x64_1x2x1_0_ttt_align8_warpspecialized_cooperative_epi_tma,passed,success,universal,8192,1024,8192,bf16:row,bf16:row,void:row,bf16:row,1,0,serial,1,1,heuristic,invalid,invalid,False,False,1,tensorop,f32,256,256,64,1,2,1,1,1,1,3,4,2,1,64,256,16,90,90,150994944,137455730688,910,4.00661,35.0982,34307.2,0.2216544306760187
1,CUTLASS,gemm,cutlass3x_sm90_tensorop_gemm_bf16_bf16_f32_f32_f32_256x256x64_1x2x1_0_ttt_align8_warpspecialized_cooperative_epi_nosmem,passed,success,universal,8192,1024,8192,bf16:row,bf16:row,f32:row,f32:row,1,0,serial,1,1,heuristic,invalid,invalid,False,False,1,tensorop,f32,256,256,64,1,2,1,1,1,1,3,4,2,1,64,256,16,90,90,184549376,137455730688,744,4.11351,41.783,33415.7,0.21589456321532177
1,CUTLASS,gemm,cutlass3x_sm90_tensorop_gemm_bf16_bf16_f32_bf16_bf16_256x256x64_1x2x1_0_ttt_align8_warpspecialized_cooperative_epi_nosmem,passed,success,universal,8192,1024,8192,bf16:row,bf16:row,bf16:row,bf16:row,1,0,serial,1,1,heuristic,invalid,invalid,False,False,1,tensorop,f32,256,256,64,1,2,1,1,1,1,3,4,2,1,64,256,16,90,90,167772160,137455730688,819,4.11904,37.9336,33370.8,0.21560447005886021
1,CUTLASS,gemm,cutlass3x_sm90_tensorop_gemm_bf16_bf16_f32_bf16_bf16_256x256x64_1x2x1_0_ttt_align8,passed,success,universal,8192,1024,8192,bf16:row,bf16:row,bf16:row,bf16:row,1,0,serial,1,1,heuristic,invalid,invalid,False,False,1,tensorop,f32,256,256,64,1,2,1,1,1,1,3,4,2,1,64,256,16,90,90,167772160,137455730688,819,4.12251,37.9017,33342.8,0.21542356564057707
1,CUTLASS,gemm,cutlass3x_sm90_tensorop_gemm_bf16_bf16_f32_f32_f32_256x256x64_1x2x1_0_ttt_align8,passed,success,universal,8192,1024,8192,bf16:row,bf16:row,f32:row,f32:row,1,0,serial,1,1,heuristic,invalid,invalid,False,False,1,tensorop,f32,256,256,64,1,2,1,1,1,1,3,4,2,1,64,256,16,90,90,184549376,137455730688,744,4.13114,41.6047,33273.1,0.21497324285649344
1,CUTLASS,gemm,cutlass3x_sm90_tensorop_gemm_bf16_bf16_f32_f32_f32_256x256x64_1x2x1_0_ttt_align8_stream_k_warpspecialized_cooperative_epi_nosmem,passed,success,universal,8192,1024,8192,bf16:row,bf16:row,f32:row,f32:row,1,0,serial,1,1,heuristic,invalid,invalid,False,False,1,tensorop,f32,256,256,64,1,2,1,1,1,1,3,4,2,1,64,256,16,90,90,184549376,137455730688,744,4.15774,41.3385,33060.2,0.2135977231903319
1,CUTLASS,gemm,cutlass3x_sm90_tensorop_gemm_bf16_bf16_f32_void_bf16_256x256x64_2x1x1_0_ttt_align8_warpspecialized_cooperative_epi_tma,passed,success,universal,8192,1024,8192,bf16:row,bf16:row,void:row,bf16:row,1,0,serial,1,1,heuristic,invalid,invalid,False,False,1,tensorop,f32,256,256,64,2,1,1,1,1,1,3,4,2,1,64,256,16,90,90,150994944,137455730688,910,4.16427,33.7694,33008.4,0.21326305001650786
1,CUTLASS,gemm,cutlass3x_sm90_tensorop_gemm_bf16_bf16_f32_bf16_bf16_256x256x64_1x2x1_0_ttt_align8_stream_k_warpspecialized_cooperative_epi_nosmem,passed,success,universal,8192,1024,8192,bf16:row,bf16:row,bf16:row,bf16:row,1,0,serial,1,1,heuristic,invalid,invalid,False,False,1,tensorop,f32,256,256,64,1,2,1,1,1,1,3,4,2,1,64,256,16,90,90,167772160,137455730688,819,4.17066,37.4641,32957.8,0.2129361298891815
1,CUTLASS,gemm,cutlass3x_sm90_tensorop_gemm_bf16_bf16_f32_bf16_bf16_256x256x64_2x1x1_0_ttt_align8_warpspecialized_cooperative_epi_nosmem,passed,success,universal,8192,1024,8192,bf16:row,bf16:row,bf16:row,bf16:row,1,0,serial,1,1,heuristic,invalid,invalid,False,False,1,tensorop,f32,256,256,64,2,1,1,1,1,1,3,4,2,1,64,256,16,90,90,167772160,137455730688,819,4.17657,37.4111,32911.2,0.21263505325018175
1,CUTLASS,gemm,cutlass3x_sm90_tensorop_gemm_bf16_bf16_f32_void_bf16_256x256x64_1x2x1_0_ttt_align8_warpspecialized_cooperative_epi_nosmem,passed,success,universal,8192,1024,8192,bf16:row,bf16:row,void:row,bf16:row,1,0,serial,1,1,heuristic,invalid,invalid,False,False,1,tensorop,f32,256,256,64,1,2,1,1,1,1,3,4,2,1,64,256,16,90,90,150994944,137455730688,910,4.18249,33.6223,32864.6,0.21233397661118023
1,CUTLASS,gemm,cutlass3x_sm90_tensorop_gemm_bf16_bf16_f32_f32_f32_256x256x64_2x1x1_0_ttt_align8_warpspecialized_cooperative_epi_nosmem,passed,success,universal,8192,1024,8192,bf16:row,bf16:row,f32:row,f32:row,1,0,serial,1,1,heuristic,invalid,invalid,False,False,1,tensorop,f32,256,256,64,2,1,1,1,1,1,3,4,2,1,64,256,16,90,90,184549376,137455730688,744,4.18851,41.0349,32817.3,0.21202837736172447
1,CUTLASS,gemm,cutlass3x_sm90_tensorop_gemm_bf16_bf16_f32_void_bf16_256x256x64_1x2x1_0_ttt_align8_stream_k_warpspecialized_cooperative_epi_nosmem,passed,success,universal,8192,1024,8192,bf16:row,bf16:row,void:row,bf16:row,1,0,serial,1,1,heuristic,invalid,invalid,False,False,1,tensorop,f32,256,256,64,1,2,1,1,1,1,3,4,2,1,64,256,16,90,90,150994944,137455730688,910,4.19085,33.5553,32799.0,0.21191014340263217
1,CUTLASS,gemm,cutlass3x_sm90_tensorop_gemm_bf16_bf16_f32_void_bf16_256x256x64_1x2x1_0_ttt_align8_stream_k_warpspecialized_cooperative_epi_tma,passed,success,universal,8192,1024,8192,bf16:row,bf16:row,void:row,bf16:row,1,0,serial,1,1,heuristic,invalid,invalid,False,False,1,tensorop,f32,256,256,64,1,2,1,1,1,1,3,4,2,1,64,256,16,90,90,150994944,137455730688,910,4.19584,33.5154,32760.0,0.21165816939145174
1,CUTLASS,gemm,cutlass3x_sm90_tensorop_gemm_bf16_bf16_f32_bf16_bf16_256x256x64_2x1x1_0_ttt_align8,passed,success,universal,8192,1024,8192,bf16:row,bf16:row,bf16:row,bf16:row,1,0,serial,1,1,heuristic,invalid,invalid,False,False,1,tensorop,f32,256,256,64,2,1,1,1,1,1,3,4,2,1,64,256,16,90,90,167772160,137455730688,819,4.2009,37.1944,32720.6,0.21140361103143934
1,CUTLASS,gemm,cutlass3x_sm90_tensorop_gemm_bf16_bf16_f32_f32_f32_256x256x64_2x1x1_0_ttt_align8_stream_k_warpspecialized_cooperative_epi_nosmem,passed,success,universal,8192,1024,8192,bf16:row,bf16:row,f32:row,f32:row,1,0,serial,1,1,heuristic,invalid,invalid,False,False,1,tensorop,f32,256,256,64,2,1,1,1,1,1,3,4,2,1,64,256,16,90,90,184549376,137455730688,744,4.25275,40.4151,32321.6,0.20882572307090191
1,CUTLASS,gemm,cutlass3x_sm90_tensorop_gemm_bf16_bf16_f32_bf16_bf16_256x256x64_2x1x1_0_ttt_align8_stream_k_warpspecialized_cooperative_epi_nosmem,passed,success,universal,8192,1024,8192,bf16:row,bf16:row,bf16:row,bf16:row,1,0,serial,1,1,heuristic,invalid,invalid,False,False,1,tensorop,f32,256,256,64,2,1,1,1,1,1,3,4,2,1,64,256,16,90,90,167772160,137455730688,819,4.25496,36.7219,32304.8,0.20871718041993204
1,CUTLASS,gemm,cutlass3x_sm90_tensorop_gemm_bf16_bf16_f32_void_bf16_256x256x64_2x1x1_0_ttt_align8_stream_k_warpspecialized_cooperative_epi_nosmem,passed,success,universal,8192,1024,8192,bf16:row,bf16:row,void:row,bf16:row,1,0,serial,1,1,heuristic,invalid,invalid,False,False,1,tensorop,f32,256,256,64,2,1,1,1,1,1,3,4,2,1,64,256,16,90,90,150994944,137455730688,910,4.27567,32.8896,32148.3,0.20770605393917013
1,CUTLASS,gemm,cutlass3x_sm90_tensorop_gemm_bf16_bf16_f32_void_bf16_256x256x64_2x1x1_0_ttt_align8_stream_k_warpspecialized_cooperative_epi_tma,passed,success,universal,8192,1024,8192,bf16:row,bf16:row,void:row,bf16:row,1,0,serial,1,1,heuristic,invalid,invalid,False,False,1,tensorop,f32,256,256,64,2,1,1,1,1,1,3,4,2,1,64,256,16,90,90,150994944,137455730688,910,4.28565,32.813,32073.5,0.2072227807074704
1,CUTLASS,gemm,cutlass3x_sm90_tensorop_gemm_bf16_bf16_f32_void_bf16_256x256x64_2x1x1_0_ttt_align8_warpspecialized_cooperative_epi_nosmem,passed,success,universal,8192,1024,8192,bf16:row,bf16:row,void:row,bf16:row,1,0,serial,1,1,heuristic,invalid,invalid,False,False,1,tensorop,f32,256,256,64,2,1,1,1,1,1,3,4,2,1,64,256,16,90,90,150994944,137455730688,910,4.30769,32.6451,31909.4,0.2061625515988888
1,CUTLASS,gemm,cutlass3x_sm90_tensorop_gemm_bf16_bf16_f32_f32_f32_128x256x64_1x1x1_0_ttn_align4_cpasync_warpspecialized_epi_nosmem,passed,success,universal,8192,1024,8192,bf16:row,bf16:row,f32:column,f32:column,1,0,serial,1,1,heuristic,invalid,invalid,False,False,1,tensorop,f32,128,256,64,1,1,1,1,1,1,4,4,1,1,64,256,16,90,90,184549376,137455730688,744,4.91723,34.9536,27953.9,0.1806065720803329
1,CUTLASS,gemm,cutlass3x_sm90_tensorop_gemm_bf16_bf16_f32_bf16_bf16_128x256x64_1x1x1_0_ttn_align4_cpasync_warpspecialized_epi_nosmem,passed,success,universal,8192,1024,8192,bf16:row,bf16:row,bf16:column,bf16:column,1,0,serial,1,1,heuristic,invalid,invalid,False,False,1,tensorop,f32,128,256,64,1,1,1,1,1,1,4,4,1,1,64,256,16,90,90,167772160,137455730688,819,4.94069,31.6251,27821.2,0.1797492143551117
1,CUTLASS,gemm,cutlass3x_sm90_tensorop_gemm_bf16_bf16_f32_f32_f32_128x256x64_1x1x1_0_ttn_align2_cpasync_warpspecialized_epi_nosmem,passed,success,universal,8192,1024,8192,bf16:row,bf16:row,f32:column,f32:column,1,0,serial,1,1,heuristic,invalid,invalid,False,False,1,tensorop,f32,128,256,64,1,1,1,1,1,1,4,4,1,1,64,256,16,90,90,184549376,137455730688,744,4.97092,34.5761,27652.0,0.17865603479891404
1,CUTLASS,gemm,cutlass3x_sm90_tensorop_gemm_bf16_bf16_f32_bf16_bf16_128x256x64_1x1x1_0_ttn_align2_cpasync_warpspecialized_epi_nosmem,passed,success,universal,8192,1024,8192,bf16:row,bf16:row,bf16:column,bf16:column,1,0,serial,1,1,heuristic,invalid,invalid,False,False,1,tensorop,f32,128,256,64,1,1,1,1,1,1,4,4,1,1,64,256,16,90,90,167772160,137455730688,819,4.97594,31.4011,27624.1,0.17847577646783924
1,CUTLASS,gemm,cutlass3x_sm90_tensorop_gemm_bf16_bf16_f32_bf16_bf16_256x256x64_1x2x1_0_ttt_align8_warpspecialized_epi_nosmem,passed,success,universal,8192,1024,8192,bf16:row,bf16:row,bf16:row,bf16:row,1,0,serial,1,1,heuristic,invalid,invalid,False,False,1,tensorop,f32,256,256,64,1,2,1,1,1,1,3,4,1,1,64,256,16,90,90,167772160,137455730688,819,8.23684,18.9697,16687.9,0.10781838720963373
1,CUTLASS,gemm,cutlass3x_sm90_tensorop_gemm_bf16_bf16_f32_f32_f32_256x256x64_1x2x1_0_ttt_align8_warpspecialized_epi_nosmem,passed,success,universal,8192,1024,8192,bf16:row,bf16:row,f32:row,f32:row,1,0,serial,1,1,heuristic,invalid,invalid,False,False,1,tensorop,f32,256,256,64,1,2,1,1,1,1,3,4,1,1,64,256,16,90,90,184549376,137455730688,744,8.24946,20.8347,16662.4,0.10765363497155435
1,CUTLASS,gemm,cutlass3x_sm90_tensorop_gemm_bf16_bf16_f32_bf16_bf16_256x256x64_2x1x1_0_ttt_align8_warpspecialized_epi_nosmem,passed,success,universal,8192,1024,8192,bf16:row,bf16:row,bf16:row,bf16:row,1,0,serial,1,1,heuristic,invalid,invalid,False,False,1,tensorop,f32,256,256,64,2,1,1,1,1,1,3,4,1,1,64,256,16,90,90,167772160,137455730688,819,8.31336,18.795,16534.3,0.10682599725790824
1,CUTLASS,gemm,cutlass3x_sm90_tensorop_gemm_bf16_bf16_f32_f32_f32_256x256x64_2x1x1_0_ttt_align8_warpspecialized_epi_nosmem,passed,success,universal,8192,1024,8192,bf16:row,bf16:row,f32:row,f32:row,1,0,serial,1,1,heuristic,invalid,invalid,False,False,1,tensorop,f32,256,256,64,2,1,1,1,1,1,3,4,1,1,64,256,16,90,90,184549376,137455730688,744,8.38904,20.488,16385.2,0.10586268123055005
1,CUTLASS,gemm,cutlass3x_sm90_tensorop_gemm_bf16_bf16_f32_bf16_bf16_256x256x64_2x1x1_0_ttt_align8_warpspecialized_pingpong_epi_nosmem,passed,success,universal,8192,1024,8192,bf16:row,bf16:row,bf16:row,bf16:row,1,0,serial,1,1,heuristic,invalid,invalid,False,False,1,tensorop,f32,256,256,64,2,1,1,1,1,1,3,4,1,1,64,256,16,90,90,167772160,137455730688,819,8.67786,18.0056,15839.8,0.10233892159727477
1,CUTLASS,gemm,cutlass3x_sm90_tensorop_gemm_bf16_bf16_f32_void_bf16_256x256x64_1x2x1_0_ttt_align8_warpspecialized_pingpong_epi_tma,passed,success,universal,8192,1024,8192,bf16:row,bf16:row,void:row,bf16:row,1,0,serial,1,1,heuristic,invalid,invalid,False,False,1,tensorop,f32,256,256,64,1,2,1,1,1,1,3,4,1,1,64,256,16,90,90,150994944,137455730688,910,8.87372,15.8474,15490.2,0.10008020071756572
1,CUTLASS,gemm,cutlass3x_sm90_tensorop_gemm_bf16_bf16_f32_void_bf16_256x256x64_2x1x1_0_ttt_align8_warpspecialized_pingpong_epi_tma,passed,success,universal,8192,1024,8192,bf16:row,bf16:row,void:row,bf16:row,1,0,serial,1,1,heuristic,invalid,invalid,False,False,1,tensorop,f32,256,256,64,2,1,1,1,1,1,3,4,1,1,64,256,16,90,90,150994944,137455730688,910,9.00389,15.6182,15266.3,0.09863361145850734
1,CUTLASS,gemm,cutlass3x_sm90_tensorop_gemm_bf16_bf16_f32_void_bf16_256x256x64_1x2x1_0_ttt_align8_warpspecialized_pingpong_epi_nosmem,passed,success,universal,8192,1024,8192,bf16:row,bf16:row,void:row,bf16:row,1,0,serial,1,1,heuristic,invalid,invalid,False,False,1,tensorop,f32,256,256,64,1,2,1,1,1,1,3,4,1,1,64,256,16,90,90,150994944,137455730688,910,9.18854,15.3044,14959.5,0.09665141590388929
1,CUTLASS,gemm,cutlass3x_sm90_tensorop_gemm_bf16_bf16_f32_f32_f32_256x256x64_1x2x1_0_ttt_align8_warpspecialized_pingpong_epi_nosmem,passed,success,universal,8192,1024,8192,bf16:row,bf16:row,f32:row,f32:row,1,0,serial,1,1,heuristic,invalid,invalid,False,False,1,tensorop,f32,256,256,64,1,2,1,1,1,1,3,4,1,1,64,256,16,90,90,184549376,137455730688,744,9.2007,18.6806,14939.7,0.09652349063667466
1,CUTLASS,gemm,cutlass3x_sm90_tensorop_gemm_bf16_bf16_f32_bf16_bf16_256x256x64_1x2x1_0_ttt_align8_warpspecialized_pingpong_epi_nosmem,passed,success,universal,8192,1024,8192,bf16:row,bf16:row,bf16:row,bf16:row,1,0,serial,1,1,heuristic,invalid,invalid,False,False,1,tensorop,f32,256,256,64,1,2,1,1,1,1,3,4,1,1,64,256,16,90,90,167772160,137455730688,819,9.20639,16.9719,14930.5,0.09646405061352452
1,CUTLASS,gemm,cutlass3x_sm90_tensorop_gemm_bf16_bf16_f32_void_bf16_256x256x64_2x1x1_0_ttt_align8_warpspecialized_pingpong_epi_nosmem,passed,success,universal,8192,1024,8192,bf16:row,bf16:row,void:row,bf16:row,1,0,serial,1,1,heuristic,invalid,invalid,False,False,1,tensorop,f32,256,256,64,2,1,1,1,1,1,3,4,1,1,64,256,16,90,90,150994944,137455730688,910,9.28919,15.1386,14797.4,0.09560410853947067
1,CUTLASS,gemm,cutlass3x_sm90_tensorop_gemm_bf16_bf16_f32_f32_f32_256x256x64_2x1x1_0_ttt_align8_warpspecialized_pingpong_epi_nosmem,passed,success,universal,8192,1024,8192,bf16:row,bf16:row,f32:row,f32:row,1,0,serial,1,1,heuristic,invalid,invalid,False,False,1,tensorop,f32,256,256,64,2,1,1,1,1,1,3,4,1,1,64,256,16,90,90,184549376,137455730688,744,9.32185,18.4379,14745.5,0.09526878927843857
