mode,Problem,Provider,OperationKind,Operation,Disposition,Status,gemm_kind,m,n,k,A,B,C,D,alpha,beta,split_k_mode,split_k_slices,batch_count,raster_order,runtime_input_datatype_a,runtime_input_datatype_b,use_pdl,enable_sm90_mixed_dtype_shuffle_test,swizzle_size,op_class,accum,cta_m,cta_n,cta_k,cluster_m,cluster_n,cluster_k,cluster_m_fallback,cluster_n_fallback,cluster_k_fallback,stages,warps_m,warps_n,warps_k,inst_m,inst_n,inst_k,min_cc,max_cc,Bytes,Flops,Flops/Byte,Runtime,GB/s,GFLOPs,mfu
fwd,1,CUTLASS,gemm,cutlass3x_sm100_tensorop_gemm_bf16_bf16_f32_void_bf16_256x256x64_2x4x1_0_tnt_align8_stream_k_2sm,passed,success,universal,8192,7168,7168,bf16:row,bf16:column,void:row,bf16:row,1,0,serial,1,1,heuristic,invalid,invalid,False,False,1,tensorop,f32,256,256,64,2,4,1,2,1,1,6,4,1,1,256,256,16,100,110,220200960,841931030528,3823,0.511296,401.095,1646660.0,0.658664
wgrad_accum,1,CUTLASS,gemm,cutlass3x_sm100_tensorop_gemm_bf16_bf16_f32_f32_f32_256x256x64_0x0x1_0_tnt_align8_stream_k_2sm,passed,success,universal,4096,5120,5120,bf16:row,bf16:column,f32:row,f32:row,1,1,serial,1,1,heuristic,invalid,invalid,False,False,1,tensorop,f32,256,256,64,2,1,1,2,1,1,5,4,1,1,256,256,16,100,110,262144000,214790307840,819,0.144003,1695.38,1491570.0,0.596628
wgrad_accum,1,CUTLASS,gemm,cutlass3x_sm100_tensorop_gemm_bf16_bf16_f32_f32_f32_256x256x64_0x0x1_0_tnt_align8_stream_k_2sm,passed,success,universal,4096,5120,7168,bf16:row,bf16:column,f32:row,f32:row,1,1,serial,1,1,heuristic,invalid,invalid,False,False,1,tensorop,f32,256,256,64,2,1,1,2,1,1,5,4,1,1,256,256,16,100,110,299892736,300689653760,1002,0.192304,1452.37,1563620.0,0.625448
fwd,1,CUTLASS,gemm,cutlass3x_sm100_tensorop_gemm_bf16_bf16_f32_void_bf16_256x256x64_0x0x1_0_tnt_align8_stream_k_2sm,passed,success,universal,4096,5120,5120,bf16:row,bf16:column,void:row,bf16:row,1,0,serial,1,1,heuristic,invalid,invalid,False,False,1,tensorop,f32,256,256,64,2,1,1,2,1,1,6,4,1,1,256,256,16,100,110,94371840,214790307840,2276,0.131888,666.404,1628580.0,0.651432
fwd,1,CUTLASS,gemm,cutlass3x_sm100_tensorop_gemm_bf16_bf16_f32_void_bf16_256x256x64_2x1x1_0_tnt_align8_stream_k_2sm,passed,success,universal,4096,7168,7168,bf16:row,bf16:column,void:row,bf16:row,1,0,serial,1,1,heuristic,invalid,invalid,False,False,1,tensorop,f32,256,256,64,2,1,1,2,1,1,6,4,1,1,256,256,16,100,110,161480704,420965515264,2606,0.243395,617.887,1729560.0,0.691824
wgrad,1,CUTLASS,gemm,cutlass3x_sm100_tensorop_gemm_bf16_bf16_f32_void_bf16_256x256x64_2x1x1_0_tnt_align8_stream_k_2sm,passed,success,universal,4096,7168,9216,bf16:row,bf16:column,void:row,bf16:row,1,0,serial,1,1,heuristic,invalid,invalid,False,False,1,tensorop,f32,256,256,64,2,1,1,2,1,1,6,4,1,1,256,256,16,100,110,207618048,541224599552,2606,0.312022,619.697,1734570.0,0.693828
dgrad,1,CUTLASS,gemm,cutlass3x_sm100_tensorop_gemm_bf16_bf16_f32_void_bf16_256x256x64_4x1x1_0_tnt_align8_stream_k_2sm,passed,success,universal,7168,9216,8192,bf16:row,bf16:column,void:row,bf16:row,1,0,serial,1,1,heuristic,invalid,invalid,False,False,1,tensorop,f32,256,256,64,4,1,1,2,1,1,6,4,1,1,256,256,16,100,110,268435456,1082463879168,4032,0.67041,372.906,1614630.0,0.645852
wgrad,1,CUTLASS,gemm,cutlass3x_sm100_tensorop_gemm_bf16_bf16_f32_void_bf16_256x256x64_2x1x1_0_tnt_align8_stream_k_2sm,passed,success,universal,4096,5120,7168,bf16:row,bf16:column,void:row,bf16:row,1,0,serial,1,1,heuristic,invalid,invalid,False,False,1,tensorop,f32,256,256,64,2,1,1,2,1,1,6,4,1,1,256,256,16,100,110,132120576,300689653760,2275,0.182304,674.954,1649390.0,0.659756
wgrad,1,CUTLASS,gemm,cutlass3x_sm100_tensorop_gemm_bf16_bf16_f32_void_bf16_256x256x64_2x1x1_0_tnt_align8_stream_k_2sm,passed,success,universal,4096,5120,5120,bf16:row,bf16:column,void:row,bf16:row,1,0,serial,1,1,heuristic,invalid,invalid,False,False,1,tensorop,f32,256,256,64,2,1,1,2,1,1,6,4,1,1,256,256,16,100,110,94371840,214790307840,2276,0.131709,667.31,1630800.0,0.65232
fwd,1,CUTLASS,gemm,cutlass3x_sm100_tensorop_gemm_bf16_bf16_f32_void_bf16_256x256x64_2x2x1_0_tnt_align8_stream_k_2sm,passed,success,universal,8192,7168,5120,bf16:row,bf16:column,void:row,bf16:row,1,0,serial,1,1,heuristic,invalid,invalid,False,False,1,tensorop,f32,256,256,64,2,2,1,2,1,1,6,4,1,1,256,256,16,100,110,157286400,601412861952,3823,0.362528,404.064,1658940.0,0.663576
wgrad_accum,1,CUTLASS,gemm,cutlass3x_sm100_tensorop_gemm_bf16_bf16_f32_f32_f32_256x256x64_2x1x1_0_tnt_align8_stream_k_2sm,passed,success,universal,8192,5120,7168,bf16:row,bf16:column,f32:row,f32:row,1,1,serial,1,1,heuristic,invalid,invalid,False,False,1,tensorop,f32,256,256,64,2,1,1,2,1,1,5,4,1,1,256,256,16,100,110,526385152,601379307520,1142,0.376227,1303.03,1598450.0,0.63938
wgrad,1,CUTLASS,gemm,cutlass3x_sm100_tensorop_gemm_bf16_bf16_f32_void_bf16_256x256x64_2x1x1_0_tnt_align8_stream_k_2sm,passed,success,universal,8192,5120,5120,bf16:row,bf16:column,void:row,bf16:row,1,0,serial,1,1,heuristic,invalid,invalid,False,False,1,tensorop,f32,256,256,64,2,1,1,2,1,1,6,4,1,1,256,256,16,100,110,136314880,429580615680,3151,0.253674,500.459,1693440.0,0.677376
dgrad,1,CUTLASS,gemm,cutlass3x_sm100_tensorop_gemm_bf16_bf16_f32_void_bf16_128x256x64_2x1x1_0_tnt_align8_stream_k_2sm_epi_tma,passed,success,universal,5120,7168,4096,bf16:row,bf16:column,void:row,bf16:row,1,0,serial,1,1,heuristic,invalid,invalid,False,False,1,tensorop,f32,128,256,64,2,1,1,2,1,1,8,4,1,1,128,256,16,100,110,100663296,300721111040,2987,0.182701,513.134,1645980.0,0.658392
wgrad,1,CUTLASS,gemm,cutlass3x_sm100_tensorop_gemm_bf16_bf16_f32_void_bf16_256x256x64_2x1x1_0_tnt_align8_stream_k_2sm,passed,success,universal,8192,7168,7168,bf16:row,bf16:column,void:row,bf16:row,1,0,serial,1,1,heuristic,invalid,invalid,False,False,1,tensorop,f32,256,256,64,2,1,1,2,1,1,6,4,1,1,256,256,16,100,110,220200960,841931030528,3823,0.5112,401.17,1646970.0,0.658788
fwd,1,CUTLASS,gemm,cutlass3x_sm100_tensorop_gemm_bf16_bf16_f32_void_bf16_256x256x64_2x2x1_0_tnt_align8_stream_k_2sm,passed,success,universal,8192,155136,5120,bf16:row,bf16:column,void:row,bf16:row,1,0,serial,1,1,heuristic,invalid,invalid,False,False,1,tensorop,f32,256,256,64,2,2,1,2,1,1,6,4,1,1,256,256,16,100,110,1672478720,13016292655104,7782,8.03513,193.851,1619920.0,0.647968
wgrad_accum,1,CUTLASS,gemm,cutlass3x_sm100_tensorop_gemm_bf16_bf16_f32_f32_f32_256x256x64_2x1x1_0_tnt_align8_stream_k_2sm,passed,success,universal,8192,7168,9216,bf16:row,bf16:column,f32:row,f32:row,1,1,serial,1,1,heuristic,invalid,invalid,False,False,1,tensorop,f32,256,256,64,2,1,1,2,1,1,5,4,1,1,256,256,16,100,110,752877568,1082449199104,1437,0.680381,1030.56,1590950.0,0.63638
fwd,1,CUTLASS,gemm,cutlass3x_sm100_tensorop_gemm_bf16_bf16_f32_void_bf16_256x256x64_2x2x1_0_tnt_align8_stream_k_2sm,passed,success,universal,4096,9216,7168,bf16:row,bf16:column,void:row,bf16:row,1,0,serial,1,1,heuristic,invalid,invalid,False,False,1,tensorop,f32,256,256,64,2,2,1,2,1,1,6,4,1,1,256,256,16,100,110,190840832,541241376768,2836,0.311498,570.58,1737550.0,0.69502
wgrad,1,CUTLASS,gemm,cutlass3x_sm100_tensorop_gemm_bf16_bf16_f32_void_f32_256x256x64_4x1x1_0_tnt_align8_stream_k_2sm,passed,success,universal,8192,5120,155136,bf16:row,bf16:column,void:row,f32:row,1,0,serial,1,1,heuristic,invalid,invalid,False,False,1,tensorop,f32,256,256,64,4,1,1,2,1,1,6,4,1,1,256,256,16,100,110,4130340864,13013834792960,3150,8.96633,429.014,1451410.0,0.580564
dgrad,1,CUTLASS,gemm,cutlass3x_sm100_tensorop_gemm_bf16_bf16_f32_void_bf16_256x256x64_2x1x1_0_tnt_align8_stream_k_2sm,passed,success,universal,5120,5120,8192,bf16:row,bf16:column,void:row,bf16:row,1,0,serial,1,1,heuristic,invalid,invalid,False,False,1,tensorop,f32,256,256,64,2,1,1,2,1,1,6,4,1,1,256,256,16,100,110,167772160,429549158400,2560,0.257533,606.719,1667940.0,0.667176
wgrad,1,CUTLASS,gemm,cutlass3x_sm100_tensorop_gemm_bf16_bf16_f32_void_bf16_256x256x64_2x1x1_0_tnt_align8_stream_k_2sm,passed,success,universal,8192,7168,9216,bf16:row,bf16:column,void:row,bf16:row,1,0,serial,1,1,heuristic,invalid,invalid,False,False,1,tensorop,f32,256,256,64,2,1,1,2,1,1,6,4,1,1,256,256,16,100,110,283115520,1082449199104,3823,0.655469,402.265,1651410.0,0.660564
wgrad_accum,1,CUTLASS,gemm,cutlass3x_sm100_tensorop_gemm_bf16_bf16_f32_f32_f32_256x256x64_2x1x1_0_tnt_align8_stream_k_2sm,passed,success,universal,8192,7168,7168,bf16:row,bf16:column,f32:row,f32:row,1,1,serial,1,1,heuristic,invalid,invalid,False,False,1,tensorop,f32,256,256,64,2,1,1,2,1,1,5,4,1,1,256,256,16,100,110,689963008,841931030528,1220,0.53713,1196.32,1567460.0,0.626984
fwd,1,CUTLASS,gemm,cutlass3x_sm100_tensorop_gemm_bf16_bf16_f32_void_bf16_256x256x64_0x0x1_0_tnt_align8_stream_k_2sm,passed,success,universal,8192,5120,5120,bf16:row,bf16:column,void:row,bf16:row,1,0,serial,1,1,heuristic,invalid,invalid,False,False,1,tensorop,f32,256,256,64,2,1,1,2,1,1,6,4,1,1,256,256,16,100,110,136314880,429580615680,3151,0.252534,502.716,1701080.0,0.680432
dgrad,1,CUTLASS,gemm,cutlass3x_sm100_tensorop_gemm_bf16_bf16_f32_void_bf16_256x256x64_2x1x1_0_tnt_align8_stream_k_2sm,passed,success,universal,5120,5120,4096,bf16:row,bf16:column,void:row,bf16:row,1,0,serial,1,1,heuristic,invalid,invalid,False,False,1,tensorop,f32,256,256,64,2,1,1,2,1,1,6,4,1,1,256,256,16,100,110,83886080,214800793600,2560,0.13097,596.512,1640080.0,0.656032
fwd,1,CUTLASS,gemm,cutlass3x_sm100_tensorop_gemm_bf16_bf16_f32_void_bf16_256x256x64_2x1x1_0_tnt_align8_stream_k_2sm,passed,success,universal,4096,7168,5120,bf16:row,bf16:column,void:row,bf16:row,1,0,serial,1,1,heuristic,invalid,invalid,False,False,1,tensorop,f32,256,256,64,2,1,1,2,1,1,6,4,1,1,256,256,16,100,110,115343360,300706430976,2607,0.169462,633.898,1774470.0,0.709788
dgrad,1,CUTLASS,gemm,cutlass3x_sm100_tensorop_gemm_bf16_bf16_f32_void_bf16_256x256x64_4x1x1_0_tnt_align8_stream_k_2sm,passed,success,universal,7168,9216,4096,bf16:row,bf16:column,void:row,bf16:row,1,0,serial,1,1,heuristic,invalid,invalid,False,False,1,tensorop,f32,256,256,64,4,1,1,2,1,1,6,4,1,1,256,256,16,100,110,134217728,541297999872,4032,0.322963,387.041,1676040.0,0.670416
wgrad_accum,1,CUTLASS,gemm,cutlass3x_sm100_tensorop_gemm_bf16_bf16_f32_f32_f32_256x256x64_4x1x1_0_tnt_align8_stream_k_2sm,passed,success,universal,8192,5120,155136,bf16:row,bf16:column,f32:row,f32:row,1,1,serial,1,1,heuristic,invalid,invalid,False,False,1,tensorop,f32,256,256,64,4,1,1,2,1,1,5,4,1,1,256,256,16,100,110,4465885184,13013834792960,2914,9.68285,429.541,1344010.0,0.537604
wgrad,1,CUTLASS,gemm,cutlass3x_sm100_tensorop_gemm_bf16_bf16_f32_void_bf16_256x256x64_2x1x1_0_tnt_align8_stream_k_2sm,passed,success,universal,4096,7168,7168,bf16:row,bf16:column,void:row,bf16:row,1,0,serial,1,1,heuristic,invalid,invalid,False,False,1,tensorop,f32,256,256,64,2,1,1,2,1,1,6,4,1,1,256,256,16,100,110,161480704,420965515264,2606,0.244218,615.806,1723730.0,0.689492
dgrad,1,CUTLASS,gemm,cutlass3x_sm100_tensorop_gemm_bf16_bf16_f32_void_bf16_256x256x64_0x0x1_0_tnt_align8_stream_k_2sm,passed,success,universal,5120,7168,8192,bf16:row,bf16:column,void:row,bf16:row,1,0,serial,1,1,heuristic,invalid,invalid,False,False,1,tensorop,f32,256,256,64,2,1,1,2,1,1,6,4,1,1,256,256,16,100,110,201326592,601368821760,2987,0.368637,508.631,1631330.0,0.652532
fwd,1,CUTLASS,gemm,cutlass3x_sm100_tensorop_gemm_bf16_bf16_f32_void_bf16_256x256x64_4x1x1_0_tnt_align8_stream_k_2sm,passed,success,universal,8192,9216,7168,bf16:row,bf16:column,void:row,bf16:row,1,0,serial,1,1,heuristic,invalid,invalid,False,False,1,tensorop,f32,256,256,64,4,1,1,2,1,1,6,4,1,1,256,256,16,100,110,249561088,1082482753536,4337,0.670618,346.579,1614160.0,0.645664
dgrad,1,CUTLASS,gemm,cutlass3x_sm100_tensorop_gemm_bf16_bf16_f32_void_bf16_256x256x64_2x1x1_0_tnt_align8_stream_k_2sm,passed,success,universal,7168,7168,8192,bf16:row,bf16:column,void:row,bf16:row,1,0,serial,1,1,heuristic,invalid,invalid,False,False,1,tensorop,f32,256,256,64,2,1,1,2,1,1,6,4,1,1,256,256,16,100,110,234881024,841916350464,3584,0.513763,425.78,1638720.0,0.655488
dgrad,1,CUTLASS,gemm,cutlass3x_sm100_tensorop_gemm_bf16_bf16_f32_void_bf16_256x256x64_0x0x1_0_tnt_align8_stream_k_2sm,passed,success,universal,5120,155136,8192,bf16:row,bf16:column,void:row,bf16:row,1,0,serial,1,1,heuristic,invalid,invalid,False,False,1,tensorop,f32,256,256,64,2,1,1,2,1,1,6,4,1,1,256,256,16,100,110,2625634304,13015339499520,4957,8.08954,302.281,1608910.0,0.643564
wgrad_accum,1,CUTLASS,gemm,cutlass3x_sm100_tensorop_gemm_bf16_bf16_f32_f32_f32_256x256x64_2x1x1_0_tnt_align8_stream_k_2sm,passed,success,universal,4096,7168,7168,bf16:row,bf16:column,f32:row,f32:row,1,1,serial,1,1,heuristic,invalid,invalid,False,False,1,tensorop,f32,256,256,64,2,1,1,2,1,1,5,4,1,1,256,256,16,100,110,396361728,420965515264,1062,0.257254,1434.92,1636380.0,0.654552
wgrad_accum,1,CUTLASS,gemm,cutlass3x_sm100_tensorop_gemm_bf16_bf16_f32_f32_f32_256x256x64_2x1x1_0_tnt_align8_stream_k_2sm,passed,success,universal,4096,7168,9216,bf16:row,bf16:column,f32:row,f32:row,1,1,serial,1,1,heuristic,invalid,invalid,False,False,1,tensorop,f32,256,256,64,2,1,1,2,1,1,5,4,1,1,256,256,16,100,110,442499072,541224599552,1223,0.325757,1265.08,1661440.0,0.664576
dgrad,1,CUTLASS,gemm,cutlass3x_sm100_tensorop_gemm_bf16_bf16_f32_void_bf16_256x256x64_4x1x1_0_tnt_align8_stream_k_2sm,passed,success,universal,7168,7168,4096,bf16:row,bf16:column,void:row,bf16:row,1,0,serial,1,1,heuristic,invalid,invalid,False,False,1,tensorop,f32,256,256,64,4,1,1,2,1,1,6,4,1,1,256,256,16,100,110,117440512,421009555456,3584,0.25057,436.505,1680210.0,0.672084
wgrad_accum,1,CUTLASS,gemm,cutlass3x_sm100_tensorop_gemm_bf16_bf16_f32_f32_f32_256x256x64_2x1x1_0_tnt_align8_stream_k_2sm,passed,success,universal,8192,5120,5120,bf16:row,bf16:column,f32:row,f32:row,1,1,serial,1,1,heuristic,invalid,invalid,False,False,1,tensorop,f32,256,256,64,2,1,1,2,1,1,5,4,1,1,256,256,16,100,110,471859200,429580615680,910,0.277325,1584.62,1549020.0,0.619608
wgrad,1,CUTLASS,gemm,cutlass3x_sm100_tensorop_gemm_bf16_bf16_f32_void_bf16_256x256x64_0x0x1_0_tnt_align8_stream_k_2sm,passed,success,universal,8192,5120,7168,bf16:row,bf16:column,void:row,bf16:row,1,0,serial,1,1,heuristic,invalid,invalid,False,False,1,tensorop,f32,256,256,64,2,1,1,2,1,1,6,4,1,1,256,256,16,100,110,190840832,601379307520,3151,0.36016,493.487,1669760.0,0.667904
