Problem,Provider,OperationKind,Operation,Disposition,Status,gemm_kind,m,n,k,num_groups,A,B,C,D,alpha,beta,runtime_input_datatype_a,runtime_input_datatype_b,raster_order,swizzle_size,use_pdl,problem-sizes,problem-sizes-file,op_class,accum,cta_m,cta_n,cta_k,cluster_m,cluster_n,cluster_k,cluster_m_fallback,cluster_n_fallback,cluster_k_fallback,stages,warps_m,warps_n,warps_k,inst_m,inst_n,inst_k,min_cc,max_cc,Bytes,Flops,Flops/Byte,Runtime,GB/s,GFLOPs
1,CUTLASS,grouped_gemm,cutlass3x_sm100_tensorop_moe_gemm_bf16_bf16_f32_f32_bf16_64x16x64_1x1x1_0_tnn_align8_mixed_cpasync_1sm,incorrect,success,grouped,,,,,bf16:row,bf16:column,f32:column,bf16:column,1,0,invalid,invalid,heuristic,1,false,'[4096x85x7168][4096x943x7168][4096x250x7168][4096x85x7168][4096x432x7168][4096x358x7168][4096x85x7168][4096x85x7168][4096x85x7168][4096x87x7168][4096x85x7168][4096x85x7168][4096x85x7168][4096x683x7168][4096x334x7168][4096x85x7168][4096x241x7168][4096x85x7168][4096x88x7168][4096x91x7168][4096x674x7168][4096x85x7168][4096x209x7168][4096x97x7168][4096x85x7168][4096x85x7168][4096x533x7168][4096x247x7168][4096x85x7168][4096x85x7168][4096x85x7168][4096x655x7168][4096x478x7168][4096x423x7168][4096x85x7168][4096x329x7168][4096x644x7168][4096x85x7168][4096x386x7168][4096x86x7168][4096x338x7168][4096x1364x7168][4096x85x7168][4096x125x7168][4096x85x7168][4096x325x7168][4096x646x7168][4096x1264x7168][4096x85x7168][4096x321x7168][4096x1118x7168][4096x85x7168][4096x85x7168][4096x216x7168][4096x85x7168][4096x335x7168][4096x1042x7168][4096x510x7168][4096x91x7168][4096x95x7168][4096x85x7168][4096x114x7168][4096x696x7168][4096x85x7168][4096x85x7168][4096x234x7168][4096x85x7168][4096x499x7168][4096x364x7168][4096x85x7168][4096x85x7168][4096x90x7168][4096x515x7168][4096x1229x7168][4096x85x7168][4096x538x7168][4096x536x7168][4096x412x7168][4096x86x7168][4096x652x7168][4096x85x7168][4096x303x7168][4096x88x7168][4096x615x7168][4096x164x7168][4096x560x7168][4096x85x7168][4096x666x7168][4096x1057x7168][4096x565x7168][4096x719x7168][4096x545x7168][4096x85x7168][4096x1336x7168][4096x85x7168][4096x1152x7168]',,tensorop,f32,64,16,64,1,1,1,1,1,1,21,4,1,1,64,16,16,100,110,6643777536,1924413784064,289,12.3711,500.158,155557
1,CUTLASS,grouped_gemm,cutlass3x_sm100_tensorop_moe_gemm_bf16_bf16_f32_f32_bf16_64x16x64_1x1x1_0_tnn_align8_stream_k_mixed_cpasync_1sm,incorrect,success,grouped,,,,,bf16:row,bf16:column,f32:column,bf16:column,1,0,invalid,invalid,heuristic,1,false,'[4096x85x7168][4096x943x7168][4096x250x7168][4096x85x7168][4096x432x7168][4096x358x7168][4096x85x7168][4096x85x7168][4096x85x7168][4096x87x7168][4096x85x7168][4096x85x7168][4096x85x7168][4096x683x7168][4096x334x7168][4096x85x7168][4096x241x7168][4096x85x7168][4096x88x7168][4096x91x7168][4096x674x7168][4096x85x7168][4096x209x7168][4096x97x7168][4096x85x7168][4096x85x7168][4096x533x7168][4096x247x7168][4096x85x7168][4096x85x7168][4096x85x7168][4096x655x7168][4096x478x7168][4096x423x7168][4096x85x7168][4096x329x7168][4096x644x7168][4096x85x7168][4096x386x7168][4096x86x7168][4096x338x7168][4096x1364x7168][4096x85x7168][4096x125x7168][4096x85x7168][4096x325x7168][4096x646x7168][4096x1264x7168][4096x85x7168][4096x321x7168][4096x1118x7168][4096x85x7168][4096x85x7168][4096x216x7168][4096x85x7168][4096x335x7168][4096x1042x7168][4096x510x7168][4096x91x7168][4096x95x7168][4096x85x7168][4096x114x7168][4096x696x7168][4096x85x7168][4096x85x7168][4096x234x7168][4096x85x7168][4096x499x7168][4096x364x7168][4096x85x7168][4096x85x7168][4096x90x7168][4096x515x7168][4096x1229x7168][4096x85x7168][4096x538x7168][4096x536x7168][4096x412x7168][4096x86x7168][4096x652x7168][4096x85x7168][4096x303x7168][4096x88x7168][4096x615x7168][4096x164x7168][4096x560x7168][4096x85x7168][4096x666x7168][4096x1057x7168][4096x565x7168][4096x719x7168][4096x545x7168][4096x85x7168][4096x1336x7168][4096x85x7168][4096x1152x7168]',,tensorop,f32,64,16,64,1,1,1,1,1,1,21,4,1,1,64,16,16,100,110,6643777536,1924413784064,289,12.3801,499.795,155444
1,CUTLASS,grouped_gemm,cutlass3x_sm100_tensorop_moe_gemm_bf16_bf16_f32_f32_bf16_64x32x64_1x1x1_0_tnn_align8_mixed_cpasync_1sm,incorrect,success,grouped,,,,,bf16:row,bf16:column,f32:column,bf16:column,1,0,invalid,invalid,heuristic,1,false,'[4096x85x7168][4096x943x7168][4096x250x7168][4096x85x7168][4096x432x7168][4096x358x7168][4096x85x7168][4096x85x7168][4096x85x7168][4096x87x7168][4096x85x7168][4096x85x7168][4096x85x7168][4096x683x7168][4096x334x7168][4096x85x7168][4096x241x7168][4096x85x7168][4096x88x7168][4096x91x7168][4096x674x7168][4096x85x7168][4096x209x7168][4096x97x7168][4096x85x7168][4096x85x7168][4096x533x7168][4096x247x7168][4096x85x7168][4096x85x7168][4096x85x7168][4096x655x7168][4096x478x7168][4096x423x7168][4096x85x7168][4096x329x7168][4096x644x7168][4096x85x7168][4096x386x7168][4096x86x7168][4096x338x7168][4096x1364x7168][4096x85x7168][4096x125x7168][4096x85x7168][4096x325x7168][4096x646x7168][4096x1264x7168][4096x85x7168][4096x321x7168][4096x1118x7168][4096x85x7168][4096x85x7168][4096x216x7168][4096x85x7168][4096x335x7168][4096x1042x7168][4096x510x7168][4096x91x7168][4096x95x7168][4096x85x7168][4096x114x7168][4096x696x7168][4096x85x7168][4096x85x7168][4096x234x7168][4096x85x7168][4096x499x7168][4096x364x7168][4096x85x7168][4096x85x7168][4096x90x7168][4096x515x7168][4096x1229x7168][4096x85x7168][4096x538x7168][4096x536x7168][4096x412x7168][4096x86x7168][4096x652x7168][4096x85x7168][4096x303x7168][4096x88x7168][4096x615x7168][4096x164x7168][4096x560x7168][4096x85x7168][4096x666x7168][4096x1057x7168][4096x565x7168][4096x719x7168][4096x545x7168][4096x85x7168][4096x1336x7168][4096x85x7168][4096x1152x7168]',,tensorop,f32,64,32,64,1,1,1,1,1,1,17,4,1,1,64,32,16,100,110,6643777536,1924413784064,289,6.579,940.493,292509
1,CUTLASS,grouped_gemm,cutlass3x_sm100_tensorop_moe_gemm_bf16_bf16_f32_f32_bf16_64x32x64_1x1x1_0_tnn_align8_stream_k_mixed_cpasync_1sm,incorrect,success,grouped,,,,,bf16:row,bf16:column,f32:column,bf16:column,1,0,invalid,invalid,heuristic,1,false,'[4096x85x7168][4096x943x7168][4096x250x7168][4096x85x7168][4096x432x7168][4096x358x7168][4096x85x7168][4096x85x7168][4096x85x7168][4096x87x7168][4096x85x7168][4096x85x7168][4096x85x7168][4096x683x7168][4096x334x7168][4096x85x7168][4096x241x7168][4096x85x7168][4096x88x7168][4096x91x7168][4096x674x7168][4096x85x7168][4096x209x7168][4096x97x7168][4096x85x7168][4096x85x7168][4096x533x7168][4096x247x7168][4096x85x7168][4096x85x7168][4096x85x7168][4096x655x7168][4096x478x7168][4096x423x7168][4096x85x7168][4096x329x7168][4096x644x7168][4096x85x7168][4096x386x7168][4096x86x7168][4096x338x7168][4096x1364x7168][4096x85x7168][4096x125x7168][4096x85x7168][4096x325x7168][4096x646x7168][4096x1264x7168][4096x85x7168][4096x321x7168][4096x1118x7168][4096x85x7168][4096x85x7168][4096x216x7168][4096x85x7168][4096x335x7168][4096x1042x7168][4096x510x7168][4096x91x7168][4096x95x7168][4096x85x7168][4096x114x7168][4096x696x7168][4096x85x7168][4096x85x7168][4096x234x7168][4096x85x7168][4096x499x7168][4096x364x7168][4096x85x7168][4096x85x7168][4096x90x7168][4096x515x7168][4096x1229x7168][4096x85x7168][4096x538x7168][4096x536x7168][4096x412x7168][4096x86x7168][4096x652x7168][4096x85x7168][4096x303x7168][4096x88x7168][4096x615x7168][4096x164x7168][4096x560x7168][4096x85x7168][4096x666x7168][4096x1057x7168][4096x565x7168][4096x719x7168][4096x545x7168][4096x85x7168][4096x1336x7168][4096x85x7168][4096x1152x7168]',,tensorop,f32,64,32,64,1,1,1,1,1,1,17,4,1,1,64,32,16,100,110,6643777536,1924413784064,289,6.57849,940.566,292531
1,CUTLASS,grouped_gemm,cutlass3x_sm100_tensorop_moe_gemm_bf16_bf16_f32_f32_bf16_64x64x64_1x1x1_0_tnn_align8_mixed_cpasync_1sm,incorrect,success,grouped,,,,,bf16:row,bf16:column,f32:column,bf16:column,1,0,invalid,invalid,heuristic,1,false,'[4096x85x7168][4096x943x7168][4096x250x7168][4096x85x7168][4096x432x7168][4096x358x7168][4096x85x7168][4096x85x7168][4096x85x7168][4096x87x7168][4096x85x7168][4096x85x7168][4096x85x7168][4096x683x7168][4096x334x7168][4096x85x7168][4096x241x7168][4096x85x7168][4096x88x7168][4096x91x7168][4096x674x7168][4096x85x7168][4096x209x7168][4096x97x7168][4096x85x7168][4096x85x7168][4096x533x7168][4096x247x7168][4096x85x7168][4096x85x7168][4096x85x7168][4096x655x7168][4096x478x7168][4096x423x7168][4096x85x7168][4096x329x7168][4096x644x7168][4096x85x7168][4096x386x7168][4096x86x7168][4096x338x7168][4096x1364x7168][4096x85x7168][4096x125x7168][4096x85x7168][4096x325x7168][4096x646x7168][4096x1264x7168][4096x85x7168][4096x321x7168][4096x1118x7168][4096x85x7168][4096x85x7168][4096x216x7168][4096x85x7168][4096x335x7168][4096x1042x7168][4096x510x7168][4096x91x7168][4096x95x7168][4096x85x7168][4096x114x7168][4096x696x7168][4096x85x7168][4096x85x7168][4096x234x7168][4096x85x7168][4096x499x7168][4096x364x7168][4096x85x7168][4096x85x7168][4096x90x7168][4096x515x7168][4096x1229x7168][4096x85x7168][4096x538x7168][4096x536x7168][4096x412x7168][4096x86x7168][4096x652x7168][4096x85x7168][4096x303x7168][4096x88x7168][4096x615x7168][4096x164x7168][4096x560x7168][4096x85x7168][4096x666x7168][4096x1057x7168][4096x565x7168][4096x719x7168][4096x545x7168][4096x85x7168][4096x1336x7168][4096x85x7168][4096x1152x7168]',,tensorop,f32,64,64,64,1,1,1,1,1,1,12,4,1,1,64,64,16,100,110,6643777536,1924413784064,289,3.69283,1675.55,521122
1,CUTLASS,grouped_gemm,cutlass3x_sm100_tensorop_moe_gemm_bf16_bf16_f32_f32_bf16_64x64x64_1x1x1_0_tnn_align8_stream_k_mixed_cpasync_1sm,incorrect,success,grouped,,,,,bf16:row,bf16:column,f32:column,bf16:column,1,0,invalid,invalid,heuristic,1,false,'[4096x85x7168][4096x943x7168][4096x250x7168][4096x85x7168][4096x432x7168][4096x358x7168][4096x85x7168][4096x85x7168][4096x85x7168][4096x87x7168][4096x85x7168][4096x85x7168][4096x85x7168][4096x683x7168][4096x334x7168][4096x85x7168][4096x241x7168][4096x85x7168][4096x88x7168][4096x91x7168][4096x674x7168][4096x85x7168][4096x209x7168][4096x97x7168][4096x85x7168][4096x85x7168][4096x533x7168][4096x247x7168][4096x85x7168][4096x85x7168][4096x85x7168][4096x655x7168][4096x478x7168][4096x423x7168][4096x85x7168][4096x329x7168][4096x644x7168][4096x85x7168][4096x386x7168][4096x86x7168][4096x338x7168][4096x1364x7168][4096x85x7168][4096x125x7168][4096x85x7168][4096x325x7168][4096x646x7168][4096x1264x7168][4096x85x7168][4096x321x7168][4096x1118x7168][4096x85x7168][4096x85x7168][4096x216x7168][4096x85x7168][4096x335x7168][4096x1042x7168][4096x510x7168][4096x91x7168][4096x95x7168][4096x85x7168][4096x114x7168][4096x696x7168][4096x85x7168][4096x85x7168][4096x234x7168][4096x85x7168][4096x499x7168][4096x364x7168][4096x85x7168][4096x85x7168][4096x90x7168][4096x515x7168][4096x1229x7168][4096x85x7168][4096x538x7168][4096x536x7168][4096x412x7168][4096x86x7168][4096x652x7168][4096x85x7168][4096x303x7168][4096x88x7168][4096x615x7168][4096x164x7168][4096x560x7168][4096x85x7168][4096x666x7168][4096x1057x7168][4096x565x7168][4096x719x7168][4096x545x7168][4096x85x7168][4096x1336x7168][4096x85x7168][4096x1152x7168]',,tensorop,f32,64,64,64,1,1,1,1,1,1,12,4,1,1,64,64,16,100,110,6643777536,1924413784064,289,3.69563,1674.27,520727
1,CUTLASS,grouped_gemm,cutlass3x_sm100_tensorop_moe_gemm_bf16_bf16_f32_f32_bf16_64x128x64_1x1x1_0_tnn_align8_mixed_cpasync_1sm,incorrect,success,grouped,,,,,bf16:row,bf16:column,f32:column,bf16:column,1,0,invalid,invalid,heuristic,1,false,'[4096x85x7168][4096x943x7168][4096x250x7168][4096x85x7168][4096x432x7168][4096x358x7168][4096x85x7168][4096x85x7168][4096x85x7168][4096x87x7168][4096x85x7168][4096x85x7168][4096x85x7168][4096x683x7168][4096x334x7168][4096x85x7168][4096x241x7168][4096x85x7168][4096x88x7168][4096x91x7168][4096x674x7168][4096x85x7168][4096x209x7168][4096x97x7168][4096x85x7168][4096x85x7168][4096x533x7168][4096x247x7168][4096x85x7168][4096x85x7168][4096x85x7168][4096x655x7168][4096x478x7168][4096x423x7168][4096x85x7168][4096x329x7168][4096x644x7168][4096x85x7168][4096x386x7168][4096x86x7168][4096x338x7168][4096x1364x7168][4096x85x7168][4096x125x7168][4096x85x7168][4096x325x7168][4096x646x7168][4096x1264x7168][4096x85x7168][4096x321x7168][4096x1118x7168][4096x85x7168][4096x85x7168][4096x216x7168][4096x85x7168][4096x335x7168][4096x1042x7168][4096x510x7168][4096x91x7168][4096x95x7168][4096x85x7168][4096x114x7168][4096x696x7168][4096x85x7168][4096x85x7168][4096x234x7168][4096x85x7168][4096x499x7168][4096x364x7168][4096x85x7168][4096x85x7168][4096x90x7168][4096x515x7168][4096x1229x7168][4096x85x7168][4096x538x7168][4096x536x7168][4096x412x7168][4096x86x7168][4096x652x7168][4096x85x7168][4096x303x7168][4096x88x7168][4096x615x7168][4096x164x7168][4096x560x7168][4096x85x7168][4096x666x7168][4096x1057x7168][4096x565x7168][4096x719x7168][4096x545x7168][4096x85x7168][4096x1336x7168][4096x85x7168][4096x1152x7168]',,tensorop,f32,64,128,64,1,1,1,1,1,1,8,4,1,1,64,128,16,100,110,6643777536,1924413784064,289,2.47578,2499.21,777296
1,CUTLASS,grouped_gemm,cutlass3x_sm100_tensorop_moe_gemm_bf16_bf16_f32_f32_bf16_64x128x64_1x1x1_0_tnn_align8_stream_k_mixed_cpasync_1sm,incorrect,success,grouped,,,,,bf16:row,bf16:column,f32:column,bf16:column,1,0,invalid,invalid,heuristic,1,false,'[4096x85x7168][4096x943x7168][4096x250x7168][4096x85x7168][4096x432x7168][4096x358x7168][4096x85x7168][4096x85x7168][4096x85x7168][4096x87x7168][4096x85x7168][4096x85x7168][4096x85x7168][4096x683x7168][4096x334x7168][4096x85x7168][4096x241x7168][4096x85x7168][4096x88x7168][4096x91x7168][4096x674x7168][4096x85x7168][4096x209x7168][4096x97x7168][4096x85x7168][4096x85x7168][4096x533x7168][4096x247x7168][4096x85x7168][4096x85x7168][4096x85x7168][4096x655x7168][4096x478x7168][4096x423x7168][4096x85x7168][4096x329x7168][4096x644x7168][4096x85x7168][4096x386x7168][4096x86x7168][4096x338x7168][4096x1364x7168][4096x85x7168][4096x125x7168][4096x85x7168][4096x325x7168][4096x646x7168][4096x1264x7168][4096x85x7168][4096x321x7168][4096x1118x7168][4096x85x7168][4096x85x7168][4096x216x7168][4096x85x7168][4096x335x7168][4096x1042x7168][4096x510x7168][4096x91x7168][4096x95x7168][4096x85x7168][4096x114x7168][4096x696x7168][4096x85x7168][4096x85x7168][4096x234x7168][4096x85x7168][4096x499x7168][4096x364x7168][4096x85x7168][4096x85x7168][4096x90x7168][4096x515x7168][4096x1229x7168][4096x85x7168][4096x538x7168][4096x536x7168][4096x412x7168][4096x86x7168][4096x652x7168][4096x85x7168][4096x303x7168][4096x88x7168][4096x615x7168][4096x164x7168][4096x560x7168][4096x85x7168][4096x666x7168][4096x1057x7168][4096x565x7168][4096x719x7168][4096x545x7168][4096x85x7168][4096x1336x7168][4096x85x7168][4096x1152x7168]',,tensorop,f32,64,128,64,1,1,1,1,1,1,8,4,1,1,64,128,16,100,110,6643777536,1924413784064,289,2.44479,2530.89,787147
1,CUTLASS,grouped_gemm,cutlass3x_sm100_tensorop_moe_gemm_bf16_bf16_f32_f32_bf16_64x192x64_1x1x1_0_tnn_align8_mixed_cpasync_1sm,incorrect,success,grouped,,,,,bf16:row,bf16:column,f32:column,bf16:column,1,0,invalid,invalid,heuristic,1,false,'[4096x85x7168][4096x943x7168][4096x250x7168][4096x85x7168][4096x432x7168][4096x358x7168][4096x85x7168][4096x85x7168][4096x85x7168][4096x87x7168][4096x85x7168][4096x85x7168][4096x85x7168][4096x683x7168][4096x334x7168][4096x85x7168][4096x241x7168][4096x85x7168][4096x88x7168][4096x91x7168][4096x674x7168][4096x85x7168][4096x209x7168][4096x97x7168][4096x85x7168][4096x85x7168][4096x533x7168][4096x247x7168][4096x85x7168][4096x85x7168][4096x85x7168][4096x655x7168][4096x478x7168][4096x423x7168][4096x85x7168][4096x329x7168][4096x644x7168][4096x85x7168][4096x386x7168][4096x86x7168][4096x338x7168][4096x1364x7168][4096x85x7168][4096x125x7168][4096x85x7168][4096x325x7168][4096x646x7168][4096x1264x7168][4096x85x7168][4096x321x7168][4096x1118x7168][4096x85x7168][4096x85x7168][4096x216x7168][4096x85x7168][4096x335x7168][4096x1042x7168][4096x510x7168][4096x91x7168][4096x95x7168][4096x85x7168][4096x114x7168][4096x696x7168][4096x85x7168][4096x85x7168][4096x234x7168][4096x85x7168][4096x499x7168][4096x364x7168][4096x85x7168][4096x85x7168][4096x90x7168][4096x515x7168][4096x1229x7168][4096x85x7168][4096x538x7168][4096x536x7168][4096x412x7168][4096x86x7168][4096x652x7168][4096x85x7168][4096x303x7168][4096x88x7168][4096x615x7168][4096x164x7168][4096x560x7168][4096x85x7168][4096x666x7168][4096x1057x7168][4096x565x7168][4096x719x7168][4096x545x7168][4096x85x7168][4096x1336x7168][4096x85x7168][4096x1152x7168]',,tensorop,f32,64,192,64,1,1,1,1,1,1,6,4,1,1,64,192,16,100,110,6643777536,1924413784064,289,2.51756,2457.74,764396
1,CUTLASS,grouped_gemm,cutlass3x_sm100_tensorop_moe_gemm_bf16_bf16_f32_f32_bf16_64x192x64_1x1x1_0_tnn_align8_stream_k_mixed_cpasync_1sm,incorrect,success,grouped,,,,,bf16:row,bf16:column,f32:column,bf16:column,1,0,invalid,invalid,heuristic,1,false,'[4096x85x7168][4096x943x7168][4096x250x7168][4096x85x7168][4096x432x7168][4096x358x7168][4096x85x7168][4096x85x7168][4096x85x7168][4096x87x7168][4096x85x7168][4096x85x7168][4096x85x7168][4096x683x7168][4096x334x7168][4096x85x7168][4096x241x7168][4096x85x7168][4096x88x7168][4096x91x7168][4096x674x7168][4096x85x7168][4096x209x7168][4096x97x7168][4096x85x7168][4096x85x7168][4096x533x7168][4096x247x7168][4096x85x7168][4096x85x7168][4096x85x7168][4096x655x7168][4096x478x7168][4096x423x7168][4096x85x7168][4096x329x7168][4096x644x7168][4096x85x7168][4096x386x7168][4096x86x7168][4096x338x7168][4096x1364x7168][4096x85x7168][4096x125x7168][4096x85x7168][4096x325x7168][4096x646x7168][4096x1264x7168][4096x85x7168][4096x321x7168][4096x1118x7168][4096x85x7168][4096x85x7168][4096x216x7168][4096x85x7168][4096x335x7168][4096x1042x7168][4096x510x7168][4096x91x7168][4096x95x7168][4096x85x7168][4096x114x7168][4096x696x7168][4096x85x7168][4096x85x7168][4096x234x7168][4096x85x7168][4096x499x7168][4096x364x7168][4096x85x7168][4096x85x7168][4096x90x7168][4096x515x7168][4096x1229x7168][4096x85x7168][4096x538x7168][4096x536x7168][4096x412x7168][4096x86x7168][4096x652x7168][4096x85x7168][4096x303x7168][4096x88x7168][4096x615x7168][4096x164x7168][4096x560x7168][4096x85x7168][4096x666x7168][4096x1057x7168][4096x565x7168][4096x719x7168][4096x545x7168][4096x85x7168][4096x1336x7168][4096x85x7168][4096x1152x7168]',,tensorop,f32,64,192,64,1,1,1,1,1,1,6,4,1,1,64,192,16,100,110,6643777536,1924413784064,289,2.51261,2462.57,765901
1,CUTLASS,grouped_gemm,cutlass3x_sm100_tensorop_moe_gemm_bf16_bf16_f32_f32_bf16_64x256x64_1x1x1_0_tnn_align8_mixed_cpasync_1sm,incorrect,success,grouped,,,,,bf16:row,bf16:column,f32:column,bf16:column,1,0,invalid,invalid,heuristic,1,false,'[4096x85x7168][4096x943x7168][4096x250x7168][4096x85x7168][4096x432x7168][4096x358x7168][4096x85x7168][4096x85x7168][4096x85x7168][4096x87x7168][4096x85x7168][4096x85x7168][4096x85x7168][4096x683x7168][4096x334x7168][4096x85x7168][4096x241x7168][4096x85x7168][4096x88x7168][4096x91x7168][4096x674x7168][4096x85x7168][4096x209x7168][4096x97x7168][4096x85x7168][4096x85x7168][4096x533x7168][4096x247x7168][4096x85x7168][4096x85x7168][4096x85x7168][4096x655x7168][4096x478x7168][4096x423x7168][4096x85x7168][4096x329x7168][4096x644x7168][4096x85x7168][4096x386x7168][4096x86x7168][4096x338x7168][4096x1364x7168][4096x85x7168][4096x125x7168][4096x85x7168][4096x325x7168][4096x646x7168][4096x1264x7168][4096x85x7168][4096x321x7168][4096x1118x7168][4096x85x7168][4096x85x7168][4096x216x7168][4096x85x7168][4096x335x7168][4096x1042x7168][4096x510x7168][4096x91x7168][4096x95x7168][4096x85x7168][4096x114x7168][4096x696x7168][4096x85x7168][4096x85x7168][4096x234x7168][4096x85x7168][4096x499x7168][4096x364x7168][4096x85x7168][4096x85x7168][4096x90x7168][4096x515x7168][4096x1229x7168][4096x85x7168][4096x538x7168][4096x536x7168][4096x412x7168][4096x86x7168][4096x652x7168][4096x85x7168][4096x303x7168][4096x88x7168][4096x615x7168][4096x164x7168][4096x560x7168][4096x85x7168][4096x666x7168][4096x1057x7168][4096x565x7168][4096x719x7168][4096x545x7168][4096x85x7168][4096x1336x7168][4096x85x7168][4096x1152x7168]',,tensorop,f32,64,256,64,1,1,1,1,1,1,4,4,1,1,64,256,16,100,110,6643777536,1924413784064,289,2.82719,2188.57,680682
1,CUTLASS,grouped_gemm,cutlass3x_sm100_tensorop_moe_gemm_bf16_bf16_f32_f32_bf16_64x256x64_1x1x1_0_tnn_align8_stream_k_mixed_cpasync_1sm,incorrect,success,grouped,,,,,bf16:row,bf16:column,f32:column,bf16:column,1,0,invalid,invalid,heuristic,1,false,'[4096x85x7168][4096x943x7168][4096x250x7168][4096x85x7168][4096x432x7168][4096x358x7168][4096x85x7168][4096x85x7168][4096x85x7168][4096x87x7168][4096x85x7168][4096x85x7168][4096x85x7168][4096x683x7168][4096x334x7168][4096x85x7168][4096x241x7168][4096x85x7168][4096x88x7168][4096x91x7168][4096x674x7168][4096x85x7168][4096x209x7168][4096x97x7168][4096x85x7168][4096x85x7168][4096x533x7168][4096x247x7168][4096x85x7168][4096x85x7168][4096x85x7168][4096x655x7168][4096x478x7168][4096x423x7168][4096x85x7168][4096x329x7168][4096x644x7168][4096x85x7168][4096x386x7168][4096x86x7168][4096x338x7168][4096x1364x7168][4096x85x7168][4096x125x7168][4096x85x7168][4096x325x7168][4096x646x7168][4096x1264x7168][4096x85x7168][4096x321x7168][4096x1118x7168][4096x85x7168][4096x85x7168][4096x216x7168][4096x85x7168][4096x335x7168][4096x1042x7168][4096x510x7168][4096x91x7168][4096x95x7168][4096x85x7168][4096x114x7168][4096x696x7168][4096x85x7168][4096x85x7168][4096x234x7168][4096x85x7168][4096x499x7168][4096x364x7168][4096x85x7168][4096x85x7168][4096x90x7168][4096x515x7168][4096x1229x7168][4096x85x7168][4096x538x7168][4096x536x7168][4096x412x7168][4096x86x7168][4096x652x7168][4096x85x7168][4096x303x7168][4096x88x7168][4096x615x7168][4096x164x7168][4096x560x7168][4096x85x7168][4096x666x7168][4096x1057x7168][4096x565x7168][4096x719x7168][4096x545x7168][4096x85x7168][4096x1336x7168][4096x85x7168][4096x1152x7168]',,tensorop,f32,64,256,64,1,1,1,1,1,1,4,4,1,1,64,256,16,100,110,6643777536,1924413784064,289,2.82353,2191.4,681562
1,CUTLASS,grouped_gemm,cutlass3x_sm100_tensorop_moe_gemm_bf16_bf16_f32_f32_bf16_128x16x64_1x1x1_0_tnn_align8_mixed_cpasync_1sm,incorrect,success,grouped,,,,,bf16:row,bf16:column,f32:column,bf16:column,1,0,invalid,invalid,heuristic,1,false,'[4096x85x7168][4096x943x7168][4096x250x7168][4096x85x7168][4096x432x7168][4096x358x7168][4096x85x7168][4096x85x7168][4096x85x7168][4096x87x7168][4096x85x7168][4096x85x7168][4096x85x7168][4096x683x7168][4096x334x7168][4096x85x7168][4096x241x7168][4096x85x7168][4096x88x7168][4096x91x7168][4096x674x7168][4096x85x7168][4096x209x7168][4096x97x7168][4096x85x7168][4096x85x7168][4096x533x7168][4096x247x7168][4096x85x7168][4096x85x7168][4096x85x7168][4096x655x7168][4096x478x7168][4096x423x7168][4096x85x7168][4096x329x7168][4096x644x7168][4096x85x7168][4096x386x7168][4096x86x7168][4096x338x7168][4096x1364x7168][4096x85x7168][4096x125x7168][4096x85x7168][4096x325x7168][4096x646x7168][4096x1264x7168][4096x85x7168][4096x321x7168][4096x1118x7168][4096x85x7168][4096x85x7168][4096x216x7168][4096x85x7168][4096x335x7168][4096x1042x7168][4096x510x7168][4096x91x7168][4096x95x7168][4096x85x7168][4096x114x7168][4096x696x7168][4096x85x7168][4096x85x7168][4096x234x7168][4096x85x7168][4096x499x7168][4096x364x7168][4096x85x7168][4096x85x7168][4096x90x7168][4096x515x7168][4096x1229x7168][4096x85x7168][4096x538x7168][4096x536x7168][4096x412x7168][4096x86x7168][4096x652x7168][4096x85x7168][4096x303x7168][4096x88x7168][4096x615x7168][4096x164x7168][4096x560x7168][4096x85x7168][4096x666x7168][4096x1057x7168][4096x565x7168][4096x719x7168][4096x545x7168][4096x85x7168][4096x1336x7168][4096x85x7168][4096x1152x7168]',,tensorop,f32,128,16,64,1,1,1,1,1,1,11,4,1,1,128,16,16,100,110,6643777536,1924413784064,289,7.62706,811.257,252314
1,CUTLASS,grouped_gemm,cutlass3x_sm100_tensorop_moe_gemm_bf16_bf16_f32_f32_bf16_128x16x64_1x1x1_0_tnn_align8_stream_k_mixed_cpasync_1sm,incorrect,success,grouped,,,,,bf16:row,bf16:column,f32:column,bf16:column,1,0,invalid,invalid,heuristic,1,false,'[4096x85x7168][4096x943x7168][4096x250x7168][4096x85x7168][4096x432x7168][4096x358x7168][4096x85x7168][4096x85x7168][4096x85x7168][4096x87x7168][4096x85x7168][4096x85x7168][4096x85x7168][4096x683x7168][4096x334x7168][4096x85x7168][4096x241x7168][4096x85x7168][4096x88x7168][4096x91x7168][4096x674x7168][4096x85x7168][4096x209x7168][4096x97x7168][4096x85x7168][4096x85x7168][4096x533x7168][4096x247x7168][4096x85x7168][4096x85x7168][4096x85x7168][4096x655x7168][4096x478x7168][4096x423x7168][4096x85x7168][4096x329x7168][4096x644x7168][4096x85x7168][4096x386x7168][4096x86x7168][4096x338x7168][4096x1364x7168][4096x85x7168][4096x125x7168][4096x85x7168][4096x325x7168][4096x646x7168][4096x1264x7168][4096x85x7168][4096x321x7168][4096x1118x7168][4096x85x7168][4096x85x7168][4096x216x7168][4096x85x7168][4096x335x7168][4096x1042x7168][4096x510x7168][4096x91x7168][4096x95x7168][4096x85x7168][4096x114x7168][4096x696x7168][4096x85x7168][4096x85x7168][4096x234x7168][4096x85x7168][4096x499x7168][4096x364x7168][4096x85x7168][4096x85x7168][4096x90x7168][4096x515x7168][4096x1229x7168][4096x85x7168][4096x538x7168][4096x536x7168][4096x412x7168][4096x86x7168][4096x652x7168][4096x85x7168][4096x303x7168][4096x88x7168][4096x615x7168][4096x164x7168][4096x560x7168][4096x85x7168][4096x666x7168][4096x1057x7168][4096x565x7168][4096x719x7168][4096x545x7168][4096x85x7168][4096x1336x7168][4096x85x7168][4096x1152x7168]',,tensorop,f32,128,16,64,1,1,1,1,1,1,11,4,1,1,128,16,16,100,110,6643777536,1924413784064,289,7.62711,811.25,252312
1,CUTLASS,grouped_gemm,cutlass3x_sm100_tensorop_moe_gemm_bf16_bf16_f32_f32_bf16_128x32x64_1x1x1_0_tnn_align8_mixed_cpasync_1sm,incorrect,success,grouped,,,,,bf16:row,bf16:column,f32:column,bf16:column,1,0,invalid,invalid,heuristic,1,false,'[4096x85x7168][4096x943x7168][4096x250x7168][4096x85x7168][4096x432x7168][4096x358x7168][4096x85x7168][4096x85x7168][4096x85x7168][4096x87x7168][4096x85x7168][4096x85x7168][4096x85x7168][4096x683x7168][4096x334x7168][4096x85x7168][4096x241x7168][4096x85x7168][4096x88x7168][4096x91x7168][4096x674x7168][4096x85x7168][4096x209x7168][4096x97x7168][4096x85x7168][4096x85x7168][4096x533x7168][4096x247x7168][4096x85x7168][4096x85x7168][4096x85x7168][4096x655x7168][4096x478x7168][4096x423x7168][4096x85x7168][4096x329x7168][4096x644x7168][4096x85x7168][4096x386x7168][4096x86x7168][4096x338x7168][4096x1364x7168][4096x85x7168][4096x125x7168][4096x85x7168][4096x325x7168][4096x646x7168][4096x1264x7168][4096x85x7168][4096x321x7168][4096x1118x7168][4096x85x7168][4096x85x7168][4096x216x7168][4096x85x7168][4096x335x7168][4096x1042x7168][4096x510x7168][4096x91x7168][4096x95x7168][4096x85x7168][4096x114x7168][4096x696x7168][4096x85x7168][4096x85x7168][4096x234x7168][4096x85x7168][4096x499x7168][4096x364x7168][4096x85x7168][4096x85x7168][4096x90x7168][4096x515x7168][4096x1229x7168][4096x85x7168][4096x538x7168][4096x536x7168][4096x412x7168][4096x86x7168][4096x652x7168][4096x85x7168][4096x303x7168][4096x88x7168][4096x615x7168][4096x164x7168][4096x560x7168][4096x85x7168][4096x666x7168][4096x1057x7168][4096x565x7168][4096x719x7168][4096x545x7168][4096x85x7168][4096x1336x7168][4096x85x7168][4096x1152x7168]',,tensorop,f32,128,32,64,1,1,1,1,1,1,10,4,1,1,128,32,16,100,110,6643777536,1924413784064,289,3.82557,1617.41,503040
1,CUTLASS,grouped_gemm,cutlass3x_sm100_tensorop_moe_gemm_bf16_bf16_f32_f32_bf16_128x32x64_1x1x1_0_tnn_align8_stream_k_mixed_cpasync_1sm,incorrect,success,grouped,,,,,bf16:row,bf16:column,f32:column,bf16:column,1,0,invalid,invalid,heuristic,1,false,'[4096x85x7168][4096x943x7168][4096x250x7168][4096x85x7168][4096x432x7168][4096x358x7168][4096x85x7168][4096x85x7168][4096x85x7168][4096x87x7168][4096x85x7168][4096x85x7168][4096x85x7168][4096x683x7168][4096x334x7168][4096x85x7168][4096x241x7168][4096x85x7168][4096x88x7168][4096x91x7168][4096x674x7168][4096x85x7168][4096x209x7168][4096x97x7168][4096x85x7168][4096x85x7168][4096x533x7168][4096x247x7168][4096x85x7168][4096x85x7168][4096x85x7168][4096x655x7168][4096x478x7168][4096x423x7168][4096x85x7168][4096x329x7168][4096x644x7168][4096x85x7168][4096x386x7168][4096x86x7168][4096x338x7168][4096x1364x7168][4096x85x7168][4096x125x7168][4096x85x7168][4096x325x7168][4096x646x7168][4096x1264x7168][4096x85x7168][4096x321x7168][4096x1118x7168][4096x85x7168][4096x85x7168][4096x216x7168][4096x85x7168][4096x335x7168][4096x1042x7168][4096x510x7168][4096x91x7168][4096x95x7168][4096x85x7168][4096x114x7168][4096x696x7168][4096x85x7168][4096x85x7168][4096x234x7168][4096x85x7168][4096x499x7168][4096x364x7168][4096x85x7168][4096x85x7168][4096x90x7168][4096x515x7168][4096x1229x7168][4096x85x7168][4096x538x7168][4096x536x7168][4096x412x7168][4096x86x7168][4096x652x7168][4096x85x7168][4096x303x7168][4096x88x7168][4096x615x7168][4096x164x7168][4096x560x7168][4096x85x7168][4096x666x7168][4096x1057x7168][4096x565x7168][4096x719x7168][4096x545x7168][4096x85x7168][4096x1336x7168][4096x85x7168][4096x1152x7168]',,tensorop,f32,128,32,64,1,1,1,1,1,1,10,4,1,1,128,32,16,100,110,6643777536,1924413784064,289,3.82913,1615.9,502573
1,CUTLASS,grouped_gemm,cutlass3x_sm100_tensorop_moe_gemm_bf16_bf16_f32_f32_bf16_128x64x64_1x1x1_0_tnn_align8_mixed_cpasync_1sm,incorrect,success,grouped,,,,,bf16:row,bf16:column,f32:column,bf16:column,1,0,invalid,invalid,heuristic,1,false,'[4096x85x7168][4096x943x7168][4096x250x7168][4096x85x7168][4096x432x7168][4096x358x7168][4096x85x7168][4096x85x7168][4096x85x7168][4096x87x7168][4096x85x7168][4096x85x7168][4096x85x7168][4096x683x7168][4096x334x7168][4096x85x7168][4096x241x7168][4096x85x7168][4096x88x7168][4096x91x7168][4096x674x7168][4096x85x7168][4096x209x7168][4096x97x7168][4096x85x7168][4096x85x7168][4096x533x7168][4096x247x7168][4096x85x7168][4096x85x7168][4096x85x7168][4096x655x7168][4096x478x7168][4096x423x7168][4096x85x7168][4096x329x7168][4096x644x7168][4096x85x7168][4096x386x7168][4096x86x7168][4096x338x7168][4096x1364x7168][4096x85x7168][4096x125x7168][4096x85x7168][4096x325x7168][4096x646x7168][4096x1264x7168][4096x85x7168][4096x321x7168][4096x1118x7168][4096x85x7168][4096x85x7168][4096x216x7168][4096x85x7168][4096x335x7168][4096x1042x7168][4096x510x7168][4096x91x7168][4096x95x7168][4096x85x7168][4096x114x7168][4096x696x7168][4096x85x7168][4096x85x7168][4096x234x7168][4096x85x7168][4096x499x7168][4096x364x7168][4096x85x7168][4096x85x7168][4096x90x7168][4096x515x7168][4096x1229x7168][4096x85x7168][4096x538x7168][4096x536x7168][4096x412x7168][4096x86x7168][4096x652x7168][4096x85x7168][4096x303x7168][4096x88x7168][4096x615x7168][4096x164x7168][4096x560x7168][4096x85x7168][4096x666x7168][4096x1057x7168][4096x565x7168][4096x719x7168][4096x545x7168][4096x85x7168][4096x1336x7168][4096x85x7168][4096x1152x7168]',,tensorop,f32,128,64,64,1,1,1,1,1,1,8,4,1,1,128,64,16,100,110,6643777536,1924413784064,289,2.19989,2812.64,874777
1,CUTLASS,grouped_gemm,cutlass3x_sm100_tensorop_moe_gemm_bf16_bf16_f32_f32_bf16_128x64x64_1x1x1_0_tnn_align8_stream_k_mixed_cpasync_1sm,incorrect,success,grouped,,,,,bf16:row,bf16:column,f32:column,bf16:column,1,0,invalid,invalid,heuristic,1,false,'[4096x85x7168][4096x943x7168][4096x250x7168][4096x85x7168][4096x432x7168][4096x358x7168][4096x85x7168][4096x85x7168][4096x85x7168][4096x87x7168][4096x85x7168][4096x85x7168][4096x85x7168][4096x683x7168][4096x334x7168][4096x85x7168][4096x241x7168][4096x85x7168][4096x88x7168][4096x91x7168][4096x674x7168][4096x85x7168][4096x209x7168][4096x97x7168][4096x85x7168][4096x85x7168][4096x533x7168][4096x247x7168][4096x85x7168][4096x85x7168][4096x85x7168][4096x655x7168][4096x478x7168][4096x423x7168][4096x85x7168][4096x329x7168][4096x644x7168][4096x85x7168][4096x386x7168][4096x86x7168][4096x338x7168][4096x1364x7168][4096x85x7168][4096x125x7168][4096x85x7168][4096x325x7168][4096x646x7168][4096x1264x7168][4096x85x7168][4096x321x7168][4096x1118x7168][4096x85x7168][4096x85x7168][4096x216x7168][4096x85x7168][4096x335x7168][4096x1042x7168][4096x510x7168][4096x91x7168][4096x95x7168][4096x85x7168][4096x114x7168][4096x696x7168][4096x85x7168][4096x85x7168][4096x234x7168][4096x85x7168][4096x499x7168][4096x364x7168][4096x85x7168][4096x85x7168][4096x90x7168][4096x515x7168][4096x1229x7168][4096x85x7168][4096x538x7168][4096x536x7168][4096x412x7168][4096x86x7168][4096x652x7168][4096x85x7168][4096x303x7168][4096x88x7168][4096x615x7168][4096x164x7168][4096x560x7168][4096x85x7168][4096x666x7168][4096x1057x7168][4096x565x7168][4096x719x7168][4096x545x7168][4096x85x7168][4096x1336x7168][4096x85x7168][4096x1152x7168]',,tensorop,f32,128,64,64,1,1,1,1,1,1,8,4,1,1,128,64,16,100,110,6643777536,1924413784064,289,2.1993,2813.39,875011
1,CUTLASS,grouped_gemm,cutlass3x_sm100_tensorop_moe_gemm_bf16_bf16_f32_f32_bf16_128x128x64_1x1x1_0_tnn_align8_mixed_cpasync_1sm,incorrect,success,grouped,,,,,bf16:row,bf16:column,f32:column,bf16:column,1,0,invalid,invalid,heuristic,1,false,'[4096x85x7168][4096x943x7168][4096x250x7168][4096x85x7168][4096x432x7168][4096x358x7168][4096x85x7168][4096x85x7168][4096x85x7168][4096x87x7168][4096x85x7168][4096x85x7168][4096x85x7168][4096x683x7168][4096x334x7168][4096x85x7168][4096x241x7168][4096x85x7168][4096x88x7168][4096x91x7168][4096x674x7168][4096x85x7168][4096x209x7168][4096x97x7168][4096x85x7168][4096x85x7168][4096x533x7168][4096x247x7168][4096x85x7168][4096x85x7168][4096x85x7168][4096x655x7168][4096x478x7168][4096x423x7168][4096x85x7168][4096x329x7168][4096x644x7168][4096x85x7168][4096x386x7168][4096x86x7168][4096x338x7168][4096x1364x7168][4096x85x7168][4096x125x7168][4096x85x7168][4096x325x7168][4096x646x7168][4096x1264x7168][4096x85x7168][4096x321x7168][4096x1118x7168][4096x85x7168][4096x85x7168][4096x216x7168][4096x85x7168][4096x335x7168][4096x1042x7168][4096x510x7168][4096x91x7168][4096x95x7168][4096x85x7168][4096x114x7168][4096x696x7168][4096x85x7168][4096x85x7168][4096x234x7168][4096x85x7168][4096x499x7168][4096x364x7168][4096x85x7168][4096x85x7168][4096x90x7168][4096x515x7168][4096x1229x7168][4096x85x7168][4096x538x7168][4096x536x7168][4096x412x7168][4096x86x7168][4096x652x7168][4096x85x7168][4096x303x7168][4096x88x7168][4096x615x7168][4096x164x7168][4096x560x7168][4096x85x7168][4096x666x7168][4096x1057x7168][4096x565x7168][4096x719x7168][4096x545x7168][4096x85x7168][4096x1336x7168][4096x85x7168][4096x1152x7168]',,tensorop,f32,128,128,64,1,1,1,1,1,1,6,4,1,1,128,128,16,100,110,6643777536,1924413784064,289,1.65559,3737.33,1.16237e+06
1,CUTLASS,grouped_gemm,cutlass3x_sm100_tensorop_moe_gemm_bf16_bf16_f32_f32_bf16_128x128x64_1x1x1_0_tnn_align8_stream_k_mixed_cpasync_1sm,incorrect,success,grouped,,,,,bf16:row,bf16:column,f32:column,bf16:column,1,0,invalid,invalid,heuristic,1,false,'[4096x85x7168][4096x943x7168][4096x250x7168][4096x85x7168][4096x432x7168][4096x358x7168][4096x85x7168][4096x85x7168][4096x85x7168][4096x87x7168][4096x85x7168][4096x85x7168][4096x85x7168][4096x683x7168][4096x334x7168][4096x85x7168][4096x241x7168][4096x85x7168][4096x88x7168][4096x91x7168][4096x674x7168][4096x85x7168][4096x209x7168][4096x97x7168][4096x85x7168][4096x85x7168][4096x533x7168][4096x247x7168][4096x85x7168][4096x85x7168][4096x85x7168][4096x655x7168][4096x478x7168][4096x423x7168][4096x85x7168][4096x329x7168][4096x644x7168][4096x85x7168][4096x386x7168][4096x86x7168][4096x338x7168][4096x1364x7168][4096x85x7168][4096x125x7168][4096x85x7168][4096x325x7168][4096x646x7168][4096x1264x7168][4096x85x7168][4096x321x7168][4096x1118x7168][4096x85x7168][4096x85x7168][4096x216x7168][4096x85x7168][4096x335x7168][4096x1042x7168][4096x510x7168][4096x91x7168][4096x95x7168][4096x85x7168][4096x114x7168][4096x696x7168][4096x85x7168][4096x85x7168][4096x234x7168][4096x85x7168][4096x499x7168][4096x364x7168][4096x85x7168][4096x85x7168][4096x90x7168][4096x515x7168][4096x1229x7168][4096x85x7168][4096x538x7168][4096x536x7168][4096x412x7168][4096x86x7168][4096x652x7168][4096x85x7168][4096x303x7168][4096x88x7168][4096x615x7168][4096x164x7168][4096x560x7168][4096x85x7168][4096x666x7168][4096x1057x7168][4096x565x7168][4096x719x7168][4096x545x7168][4096x85x7168][4096x1336x7168][4096x85x7168][4096x1152x7168]',,tensorop,f32,128,128,64,1,1,1,1,1,1,6,4,1,1,128,128,16,100,110,6643777536,1924413784064,289,1.65769,3732.61,1.1609e+06
1,CUTLASS,grouped_gemm,cutlass3x_sm100_tensorop_moe_gemm_bf16_bf16_f32_f32_bf16_128x192x64_1x1x1_0_tnn_align8_mixed_cpasync_1sm,incorrect,success,grouped,,,,,bf16:row,bf16:column,f32:column,bf16:column,1,0,invalid,invalid,heuristic,1,false,'[4096x85x7168][4096x943x7168][4096x250x7168][4096x85x7168][4096x432x7168][4096x358x7168][4096x85x7168][4096x85x7168][4096x85x7168][4096x87x7168][4096x85x7168][4096x85x7168][4096x85x7168][4096x683x7168][4096x334x7168][4096x85x7168][4096x241x7168][4096x85x7168][4096x88x7168][4096x91x7168][4096x674x7168][4096x85x7168][4096x209x7168][4096x97x7168][4096x85x7168][4096x85x7168][4096x533x7168][4096x247x7168][4096x85x7168][4096x85x7168][4096x85x7168][4096x655x7168][4096x478x7168][4096x423x7168][4096x85x7168][4096x329x7168][4096x644x7168][4096x85x7168][4096x386x7168][4096x86x7168][4096x338x7168][4096x1364x7168][4096x85x7168][4096x125x7168][4096x85x7168][4096x325x7168][4096x646x7168][4096x1264x7168][4096x85x7168][4096x321x7168][4096x1118x7168][4096x85x7168][4096x85x7168][4096x216x7168][4096x85x7168][4096x335x7168][4096x1042x7168][4096x510x7168][4096x91x7168][4096x95x7168][4096x85x7168][4096x114x7168][4096x696x7168][4096x85x7168][4096x85x7168][4096x234x7168][4096x85x7168][4096x499x7168][4096x364x7168][4096x85x7168][4096x85x7168][4096x90x7168][4096x515x7168][4096x1229x7168][4096x85x7168][4096x538x7168][4096x536x7168][4096x412x7168][4096x86x7168][4096x652x7168][4096x85x7168][4096x303x7168][4096x88x7168][4096x615x7168][4096x164x7168][4096x560x7168][4096x85x7168][4096x666x7168][4096x1057x7168][4096x565x7168][4096x719x7168][4096x545x7168][4096x85x7168][4096x1336x7168][4096x85x7168][4096x1152x7168]',,tensorop,f32,128,192,64,1,1,1,1,1,1,4,4,1,1,128,192,16,100,110,6643777536,1924413784064,289,1.75294,3529.79,1.09782e+06
1,CUTLASS,grouped_gemm,cutlass3x_sm100_tensorop_moe_gemm_bf16_bf16_f32_f32_bf16_128x192x64_1x1x1_0_tnn_align8_stream_k_mixed_cpasync_1sm,incorrect,success,grouped,,,,,bf16:row,bf16:column,f32:column,bf16:column,1,0,invalid,invalid,heuristic,1,false,'[4096x85x7168][4096x943x7168][4096x250x7168][4096x85x7168][4096x432x7168][4096x358x7168][4096x85x7168][4096x85x7168][4096x85x7168][4096x87x7168][4096x85x7168][4096x85x7168][4096x85x7168][4096x683x7168][4096x334x7168][4096x85x7168][4096x241x7168][4096x85x7168][4096x88x7168][4096x91x7168][4096x674x7168][4096x85x7168][4096x209x7168][4096x97x7168][4096x85x7168][4096x85x7168][4096x533x7168][4096x247x7168][4096x85x7168][4096x85x7168][4096x85x7168][4096x655x7168][4096x478x7168][4096x423x7168][4096x85x7168][4096x329x7168][4096x644x7168][4096x85x7168][4096x386x7168][4096x86x7168][4096x338x7168][4096x1364x7168][4096x85x7168][4096x125x7168][4096x85x7168][4096x325x7168][4096x646x7168][4096x1264x7168][4096x85x7168][4096x321x7168][4096x1118x7168][4096x85x7168][4096x85x7168][4096x216x7168][4096x85x7168][4096x335x7168][4096x1042x7168][4096x510x7168][4096x91x7168][4096x95x7168][4096x85x7168][4096x114x7168][4096x696x7168][4096x85x7168][4096x85x7168][4096x234x7168][4096x85x7168][4096x499x7168][4096x364x7168][4096x85x7168][4096x85x7168][4096x90x7168][4096x515x7168][4096x1229x7168][4096x85x7168][4096x538x7168][4096x536x7168][4096x412x7168][4096x86x7168][4096x652x7168][4096x85x7168][4096x303x7168][4096x88x7168][4096x615x7168][4096x164x7168][4096x560x7168][4096x85x7168][4096x666x7168][4096x1057x7168][4096x565x7168][4096x719x7168][4096x545x7168][4096x85x7168][4096x1336x7168][4096x85x7168][4096x1152x7168]',,tensorop,f32,128,192,64,1,1,1,1,1,1,4,4,1,1,128,192,16,100,110,6643777536,1924413784064,289,1.75903,3517.56,1.09402e+06
1,CUTLASS,grouped_gemm,cutlass3x_sm100_tensorop_moe_gemm_bf16_bf16_f32_f32_bf16_128x256x64_1x1x1_0_tnn_align8_mixed_cpasync_1sm,incorrect,success,grouped,,,,,bf16:row,bf16:column,f32:column,bf16:column,1,0,invalid,invalid,heuristic,1,false,'[4096x85x7168][4096x943x7168][4096x250x7168][4096x85x7168][4096x432x7168][4096x358x7168][4096x85x7168][4096x85x7168][4096x85x7168][4096x87x7168][4096x85x7168][4096x85x7168][4096x85x7168][4096x683x7168][4096x334x7168][4096x85x7168][4096x241x7168][4096x85x7168][4096x88x7168][4096x91x7168][4096x674x7168][4096x85x7168][4096x209x7168][4096x97x7168][4096x85x7168][4096x85x7168][4096x533x7168][4096x247x7168][4096x85x7168][4096x85x7168][4096x85x7168][4096x655x7168][4096x478x7168][4096x423x7168][4096x85x7168][4096x329x7168][4096x644x7168][4096x85x7168][4096x386x7168][4096x86x7168][4096x338x7168][4096x1364x7168][4096x85x7168][4096x125x7168][4096x85x7168][4096x325x7168][4096x646x7168][4096x1264x7168][4096x85x7168][4096x321x7168][4096x1118x7168][4096x85x7168][4096x85x7168][4096x216x7168][4096x85x7168][4096x335x7168][4096x1042x7168][4096x510x7168][4096x91x7168][4096x95x7168][4096x85x7168][4096x114x7168][4096x696x7168][4096x85x7168][4096x85x7168][4096x234x7168][4096x85x7168][4096x499x7168][4096x364x7168][4096x85x7168][4096x85x7168][4096x90x7168][4096x515x7168][4096x1229x7168][4096x85x7168][4096x538x7168][4096x536x7168][4096x412x7168][4096x86x7168][4096x652x7168][4096x85x7168][4096x303x7168][4096x88x7168][4096x615x7168][4096x164x7168][4096x560x7168][4096x85x7168][4096x666x7168][4096x1057x7168][4096x565x7168][4096x719x7168][4096x545x7168][4096x85x7168][4096x1336x7168][4096x85x7168][4096x1152x7168]',,tensorop,f32,128,256,64,1,1,1,1,1,1,3,4,1,1,128,256,16,100,110,6643777536,1924413784064,289,1.99855,3096,962907
1,CUTLASS,grouped_gemm,cutlass3x_sm100_tensorop_moe_gemm_bf16_bf16_f32_f32_bf16_128x256x64_1x1x1_0_tnn_align8_stream_k_mixed_cpasync_1sm,incorrect,success,grouped,,,,,bf16:row,bf16:column,f32:column,bf16:column,1,0,invalid,invalid,heuristic,1,false,'[4096x85x7168][4096x943x7168][4096x250x7168][4096x85x7168][4096x432x7168][4096x358x7168][4096x85x7168][4096x85x7168][4096x85x7168][4096x87x7168][4096x85x7168][4096x85x7168][4096x85x7168][4096x683x7168][4096x334x7168][4096x85x7168][4096x241x7168][4096x85x7168][4096x88x7168][4096x91x7168][4096x674x7168][4096x85x7168][4096x209x7168][4096x97x7168][4096x85x7168][4096x85x7168][4096x533x7168][4096x247x7168][4096x85x7168][4096x85x7168][4096x85x7168][4096x655x7168][4096x478x7168][4096x423x7168][4096x85x7168][4096x329x7168][4096x644x7168][4096x85x7168][4096x386x7168][4096x86x7168][4096x338x7168][4096x1364x7168][4096x85x7168][4096x125x7168][4096x85x7168][4096x325x7168][4096x646x7168][4096x1264x7168][4096x85x7168][4096x321x7168][4096x1118x7168][4096x85x7168][4096x85x7168][4096x216x7168][4096x85x7168][4096x335x7168][4096x1042x7168][4096x510x7168][4096x91x7168][4096x95x7168][4096x85x7168][4096x114x7168][4096x696x7168][4096x85x7168][4096x85x7168][4096x234x7168][4096x85x7168][4096x499x7168][4096x364x7168][4096x85x7168][4096x85x7168][4096x90x7168][4096x515x7168][4096x1229x7168][4096x85x7168][4096x538x7168][4096x536x7168][4096x412x7168][4096x86x7168][4096x652x7168][4096x85x7168][4096x303x7168][4096x88x7168][4096x615x7168][4096x164x7168][4096x560x7168][4096x85x7168][4096x666x7168][4096x1057x7168][4096x565x7168][4096x719x7168][4096x545x7168][4096x85x7168][4096x1336x7168][4096x85x7168][4096x1152x7168]',,tensorop,f32,128,256,64,1,1,1,1,1,1,3,4,1,1,128,256,16,100,110,6643777536,1924413784064,289,1.99425,3102.66,964979
